tech,repo,year,issue_pr_comments,collected_utc
Express,expressjs/express,2018,1562,2026-09-26T02:39:56.654590+00:00
Express,expressjs/express,2019,1160,2026-09-26T02:39:56.654601+00:00
Express,expressjs/express,2020,1338,2026-09-26T02:39:56.654605+00:00
Express,expressjs/express,2021,853,2026-09-26T02:39:56.654608+00:00
Express,expressjs/express,2022,603,2026-09-26T02:39:56.654610+00:00
Express,expressjs/express,2023,424,2026-09-26T02:39:56.654614+00:00
Fastify,fastify/fastify,2018,3515,2026-09-26T02:42:14.751300+00:00
Fastify,fastify/fastify,2019,2501,2026-09-26T02:42:14.751312+00:00
Fastify,fastify/fastify,2020,2907,2026-09-26T02:42:14.751315+00:00
Fastify,fastify/fastify,2021,2370,2026-09-26T02:42:14.751318+00:00
Fastify,fastify/fastify,2022,4849,2026-09-26T02:42:14.751321+00:00
Fastify,fastify/fastify,2023,3105,2026-09-26T02:42:14.751323+00:00
Flask,pallets/flask,2018,1384,2026-09-26T02:40:53.250169+00:00
Flask,pallets/flask,2019,863,2026-09-26T02:40:53.250180+00:00
Flask,pallets/flask,2020,802,2026-09-26T02:40:53.250184+00:00
Flask,pallets/flask,2021,868,2026-09-26T02:40:53.250186+00:00
Flask,pallets/flask,2022,646,2026-09-26T02:40:53.250189+00:00
Flask,pallets/flask,2023,420,2026-09-26T02:40:53.250192+00:00
Kotlin,JetBrains/kotlin,2018,966,2026-09-26T03:56:58.147109+00:00
Kotlin,JetBrains/kotlin,2019,1624,2026-09-26T03:56:58.147123+00:00
Kotlin,JetBrains/kotlin,2020,2262,2026-09-26T03:56:58.147127+00:00
Kotlin,JetBrains/kotlin,2021,1642,2026-09-26T03:56:58.147131+00:00
Kotlin,JetBrains/kotlin,2022,831,2026-09-26T03:56:58.147134+00:00
Kotlin,JetBrains/kotlin,2023,363,2026-09-26T03:56:58.147138+00:00
Phoenix,phoenixframework/phoenix,2018,1617,2026-09-26T02:43:20.264864+00:00
Phoenix,phoenixframework/phoenix,2019,1035,2026-09-26T02:43:20.264878+00:00
Phoenix,phoenixframework/phoenix,2020,1187,2026-09-26T02:43:20.264882+00:00
Phoenix,phoenixframework/phoenix,2021,1160,2026-09-26T02:43:20.264885+00:00
Phoenix,phoenixframework/phoenix,2022,1007,2026-09-26T02:43:20.264888+00:00
Phoenix,phoenixframework/phoenix,2023,1052,2026-09-26T02:43:20.264890+00:00
Ruby,ruby/ruby,2018,603,2026-09-26T03:55:54.516161+00:00
Ruby,ruby/ruby,2019,1379,2026-09-26T03:55:54.516175+00:00
Ruby,ruby/ruby,2020,1838,2026-09-26T03:55:54.516179+00:00
Ruby,ruby/ruby,2021,1850,2026-09-26T03:55:54.516182+00:00
Ruby,ruby/ruby,2022,1972,2026-09-26T03:55:54.516185+00:00
Ruby,ruby/ruby,2023,1988,2026-09-26T03:55:54.516189+00:00
jQuery,jquery/jquery,2018,1080,2026-09-26T02:39:03.013578+00:00
jQuery,jquery/jquery,2019,996,2026-09-26T02:39:03.013591+00:00
jQuery,jquery/jquery,2020,692,2026-09-26T02:39:03.013595+00:00
jQuery,jquery/jquery,2021,358,2026-09-26T02:39:03.013598+00:00
jQuery,jquery/jquery,2022,464,2026-09-26T02:39:03.013601+00:00
jQuery,jquery/jquery,2023,403,2026-09-26T02:39:03.013603+00:00
