tech,category,desire_2018,desire_2019,desire_2020,desire_2021,desire_2022,desire_gap_2018,desire_gap_2019,desire_gap_2020,desire_gap_2021,desire_gap_2022,usage_2018,usage_2019,usage_2020,usage_2021,usage_2022
.NET,Webframework,0.2770835597087906,,,,,0.023072186605816947,,,,,0.25401137310297367,,,,
APL,Language,,,,0.00689680294328351,0.008566396618527651,,,,0.0003885522784948456,0.0014653046847481511,,,,0.006508250664788664,0.0071010919337795
ASP.NET,Webframework,,0.2075451385684845,0.11395728375789399,0.07273080849822548,0.07186612879127446,,-0.04927562978684141,-0.10501667494500816,-0.08799649958675677,-0.08013969819214103,,0.2568207683553259,0.21897395870290215,0.16072730808498226,0.1520058269834155
ASP.NET Core,Webframework,,,0.21329738167884765,0.1694135187255903,0.16610637979979082,,,0.02213865039381252,-0.015395336023465739,-0.02355072463768118,,,0.19115873128503513,0.18480885474905603,0.189657104437472
AWS,Platform,0.2800496977226928,0.3258170825383453,0.34138142376910646,0.5043636712381317,0.4747416072430094,0.03872785951302293,0.06187278539039076,0.07414148542986088,-0.05453150474729074,-0.044828138770931836,0.24132183820966985,0.26394429714795453,0.2672399383392456,0.5588951759854225,0.5195697460139412
Amazon DynamoDB,Database,0.09145918213369549,,,,,0.03933906745133544,,,,,0.052120114682360046,,,,
Amazon Echo,Platform,0.08925892816557826,,,,,0.059894846891619564,,,,,0.029364081273958696,,,,
Amazon RDS/Aurora,Database,0.06986570092047684,,,,,0.018741511996378454,,,,,0.05112418892409838,,,,
Amazon Redshift,Database,0.04803078315980081,,,,,0.02593933906745133,,,,,0.02209144409234948,,,,
Android,Platform,0.33014136577826936,0.306625864162351,0.2801664097468566,,,0.0398793921120017,0.03853110984463659,0.01827535612800174,,,0.29026197366626766,0.2680947543177144,0.26189105361885484,,
Angular,Webframework,0.3429316527219385,,0.3870242910191821,0.2564700925340723,0.20870685791125057,-0.00157557318265783,,-0.025544596608245207,-0.0954024664948871,-0.09104661586732407,0.3445072259045963,,0.4125688876274273,0.3518725590289594,0.29975347377857464
Angular/Angular.js,Webframework,,0.30177478391928886,,,,,0.00138414690412475,,,,,0.3003906370151641,,,
Apache HBase,Database,0.03488758110759016,,,,,0.01818318998038328,,,,,0.01670439112720688,,,,
Apache Hive,Database,0.040033197525275385,,,,,0.018334087822544136,,,,,0.02169910970273125,,,,
Apple Watch or Apple TV,Platform,0.051318959378172394,,,,,0.03213685055834179,,,,,0.019182108819830603,,,,
Arduino,Platform,0.14582039121804877,0.13805535594816265,0.1280575005107442,,,0.03966726768587403,0.03221250340709171,0.02197128688966067,,,0.10615312353217474,0.10584285254107094,0.10608621362108352,,
Assembly,Language,0.05316976025735951,0.05320375932122098,0.04303042978144934,0.04344500163920492,0.042916519901373726,-0.020361528838052444,-0.013406570818440315,-0.018892258356861515,-0.012797940672923981,-0.011849242691088412,0.07353128909541196,0.06661033013966129,0.06192268813831085,0.0562429423121289,0.05476576259246214
Azure,Platform,0.13689601357596326,,,,,0.02678828467097985,,,,,0.11010772890498341,,,,
Bash/Shell,Language,0.2649041284755023,,,0.17051373896572242,0.1865727368791828,-0.13303291035820974,,,-0.10129072210012507,-0.10445931666079605,0.39793703883371206,,,0.2718044610658475,0.29103205353997885
Bash/Shell/PowerShell,Language,,0.24327102056663888,0.2043988985325386,,,,-0.12205232445271727,-0.12638990553870824,,,,0.36532334501935615,0.33078880407124683,,
Blazor,Webframework,,,,,0.07246376811594203,,,,,0.026931122067832068,,,,,0.04553264604810996
C,Language,0.1316924962340746,0.12724822711233427,0.10615566942033532,0.117804193936156,0.1106868615709757,-0.09862894783874179,-0.07849809864221358,-0.11147129561852977,-0.09260900712750587,-0.08222613596336738,0.2303214440728164,0.20574632575454785,0.21762696503886508,0.21041320106366188,0.19291299753434307
C#,Language,0.26066586667347513,0.2563578435291028,0.23831433650528078,0.2185485143946477,0.22093694963015145,-0.08342482191640921,-0.05307814409208733,-0.07610931018857403,-0.06052915963427516,-0.05920394505107432,0.34409068858988434,0.3094359876211901,0.3144236466938548,0.27907767402892286,0.28014089468122577
C++,Language,0.19517706232287385,0.19248820929781088,0.17003032521175362,0.1851573029614969,0.16760831278619231,-0.05850588505629739,-0.041886969132912316,-0.06885914461988918,-0.058379979843850544,-0.05816132441000352,0.25368294737917124,0.2343751784307232,0.2388894698316428,0.24353728280534745,0.22576963719619583
COBOL,Language,,,,0.003751957939215853,0.004874955970412117,,,,-0.0015542091139793823,-0.0016625572384642478,,,,0.005306167053195235,0.006537513208876365
CSS,Language,0.38551586795006,,,,,-0.26527433809073964,,,,,0.6507902060407996,,,,
Cassandra,Database,0.0872189527689754,0.07965695946123695,0.08533015725619233,0.06077991545164352,0.05286006553450542,0.05033952014486193,0.04549759292873491,0.05194097341381189,0.03384810053777356,0.02596430531760949,0.03687943262411347,0.03415936653250204,0.033389183842380446,0.026931814913869957,0.026895760216895926
Clojure,Language,0.03459545025148722,0.03142664641596912,,0.029299270250251953,0.027305389221556887,0.021421094288559244,0.01710651029473901,,0.010454484743251943,0.012229658330398028,0.013174355962927976,0.014320136121230115,,0.01884478550700001,0.01507573089115886
Cloud Firestore,Database,,,,,0.06442008615957819,,,,,-0.011011127559421838,,,,,0.07543121371900002
Cobol,Language,0.005923353843797074,,,,,-0.0016084969489621364,,,,,0.00753185079275921,,,,
CoffeeScript,Language,0.023693415375188296,,,,,-0.009536089054561239,,,,,0.033229504429749535,,,,
Colocation,Platform,,,,,0.010756349651470236,,,,,-0.0021031968592260235,,,,,0.012859546510696259
Cordova,Webframework,0.06686225506175522,,,,,-0.012260494766199434,,,,,0.07912274982795466,,,,
CouchDB,Database,,,,,0.01919462417458126,,,,,0.0061708887077726576,,,,,0.013023735466808602
Couchbase,Database,,0.0324757319864257,0.033873670185921634,0.024012883559083195,0.015884632657474095,,0.012522031936442798,0.014958515856834286,0.008109740315762226,0.0024617022338284476,,0.0199537000499829,0.018915154329087348,0.01590314324332097,0.013422930423645648
Crystal,Language,,,,0.009592384375341502,0.00718562874251497,,,,0.003934091819760312,0.0023952095808383233,,,,0.005658292555581189,0.004790419161676647
Dart,Language,,0.05057725907570031,0.08264491616996061,0.08521437157740083,0.08570623458964424,,0.03135812901825989,0.04290843180313012,0.024928057117184946,0.020218386755899972,,0.019219130057440418,0.03973648436683049,0.06028631446021589,0.06548784783374427
Delphi,Language,,,,0.011838702235389827,0.023430785487847834,,,,-0.00917954757944073,-0.009129975343430782,,,,0.021018249814830556,0.032560760831278616
Delphi/Object Pascal,Language,0.013097760870120254,,,,,-0.012753082952485513,,,,,0.025850843822605767,,,,
Deno,Webframework,,,,,0.06941954280591663,,,,,0.05214403107724488,,,,,0.01727551172867175
DigitalOcean,Platform,,,,0.1663757552507912,0.13987260636166973,,,,-0.015747578402224988,-0.0194295328899928,,,,0.1821233336530162,0.15930213925166253
Django,Webframework,0.15889746097287116,0.17467933930054444,0.19482485394640364,0.1476655808903366,0.1344688480502017,0.03714368503024376,0.04781458583248746,0.052579294685304756,-0.005412676033513197,-0.014978335574480806,0.1217537759426274,0.12686475346805698,0.1422455592610989,0.1530782569238498,0.1494471836246825
Docker,Platform,,0.4083925960799861,0.43567408948238395,,,,0.09603042842629533,0.085563583009862,,,,0.3123621676536908,0.35011050647252195,,
Drupal,Platform,0.019515447203745512,,,,,-0.010939559690298337,,,,,0.03045500689404385,,,,
Drupal,Webframework,,0.023653532650487526,0.021026987393268526,0.01058226781402434,0.011205737337516808,,-0.01010427240011073,-0.011353154048108993,-0.01385580242111916,-0.011411175855371285,,0.03375780505059826,0.03238014144137752,0.0244380702351435,0.022616913192888093
DynamoDB,Database,,0.08057769710362245,0.09635222157175445,0.08683461306185834,0.08830525107699473,,0.019690632152158473,0.025758523931606686,0.01296983291634314,0.004657274496432204,,0.060887064951463975,0.07059369764014777,0.0738647801455152,0.08364797658056253
ESP8266,Platform,0.02828830739859695,,,,,0.006075849634085365,,,,,0.022212457764511584,,,,
Elasticsearch,Database,0.21213218650973292,0.2030884171204588,0.2072995942426873,0.16742875219279327,0.14193044027877114,0.07161611588954278,0.06208402388656514,0.06968528574600805,0.03325856267793978,0.018346334891302538,0.14051607062019014,0.14100439323389366,0.13761430849667924,0.1341701895148535,0.1235841053874686
Elixir,Language,,0.043257317087097034,,0.04096798086380028,0.04634026065516027,,0.028868663568157683,,0.023507412848938158,0.024811553363860515,,0.014388653518939351,,0.017460568014862125,0.021528707291299753
Erlang,Language,0.035233742691551564,0.02425515878906919,,0.01674417475138725,0.017245508982035928,0.023923200653611462,0.015382155785723257,,0.008839564335757737,0.008214159915463192,0.011310542037940102,0.008873003003345934,,0.007904610415629515,0.009031349066572736
Express,Webframework,,0.18596782627418412,0.19224674188131224,0.19260375646198974,0.17430524428507396,,-0.006613146319707164,-0.019702452754322475,-0.050642552708768857,-0.06021216196025697,,0.1925809725938913,0.21194919463563472,0.2432463091707586,0.23451740624533093
F#,Language,0.04789746470242807,0.040208292889036074,,0.02619085202229319,0.027432194434660093,0.03366354328899329,0.029097054893855133,,0.016428476025110193,0.01714688270517788,0.01423392141343478,0.011111237995180942,,0.009762375997182996,0.010285311729482213
FastAPI,Webframework,,,,0.06464420568168927,0.08536904228298223,,,,0.024989061208614903,0.023942925444494258,,,,0.03965514447307437,0.06142611683848797
Fastify,Webframework,,,,,0.027117884356790675,,,,,0.008292245629762437,,,,,0.01882563872702824
Firebase,Database,,0.1568016204982506,0.1736076064355936,0.15494780433094643,,,0.030371188803830274,0.02971516240385974,-0.008584246398067458,,,0.12643043169442034,0.14389244403173385,0.1635320507290139,
Firebase,Platform,0.1799724238246034,,,,0.17312314718371927,0.03489446809800148,,,,-0.04222418075474721,0.14507795572660193,,,,0.21534732793846648
Firebase Realtime Database,Database,,,,,0.08835515044659936,,,,,4.9899369604630706e-05,,,,,0.08830525107699473
Flask,Webframework,,0.12554212420411553,0.14420870881525108,0.12306545448652503,0.10154265650679815,,0.00721294331149458,0.0021760211925542228,-0.04181049151635957,-0.047755117286717455,,0.11832918089262096,0.14203268762269686,0.1648759460028846,0.1492977737935156
Fortran,Language,,,,,0.006185276505811905,,,,,-0.002916519901373724,,,,,0.00910179640718563
Gaming console,Platform,0.06004636433885362,,,,,0.04716738132395945,,,,,0.012878983014894166,,,,
Gatsby,Webframework,,,0.0709099079921474,0.04586189573306108,0.029303003137606455,,,0.030629863525627375,0.0053316479491791816,-0.005976393246675628,,,0.040280044466520025,0.040530247783881895,0.03527939638428208
Go,Language,0.19824086603518268,0.19481780081992486,0.21968350238767473,0.19170198040239445,0.21838675589996479,0.1276201904664641,0.11258550400255798,0.13187981456307296,0.09603312408174168,0.10676998943289892,0.07062067556871857,0.08223229681736688,0.08780368782460177,0.09566885632065276,0.11161676646706586
Google BigQuery,Database,0.07599215331220764,,,,,0.05510789195714502,,,,,0.020884261355062623,,,,
Google Cloud,Platform,,,,,0.2682877974521272,,,,,-0.004807307106802328,,,,,0.27309510455892955
Google Cloud Platform,Platform,,0.19719007854895063,0.21633267091358208,0.3112688213292414,,,0.07418787323140968,0.07575729435581227,-0.008804066366164764,,,0.12300220531754094,0.1405753765577698,0.32007288769540615,
Google Cloud Platform/App Engine,Platform,0.1419112410794103,,,,,0.061576690555917524,,,,,0.08033455052349278,,,,
Google Cloud Storage,Database,0.11339972838388411,,,,,0.05856345254262864,,,,,0.05483627584125547,,,,
Google Home,Platform,0.06828891346838588,,,,,0.054773557175108706,,,,,0.01351535629327717,,,,
Groovy,Language,0.0261061607986315,,,0.01429143849338854,0.014610778443113773,-0.016953047208108866,,,-0.015809220831259033,-0.018598097921803454,0.04305920800674037,,,0.03010065932464757,0.03320887636491723
HTML,Language,0.405813567544106,,,,,-0.2787933719713024,,,,,0.6846069395154084,,,,
HTML/CSS,Language,,0.4184700065091528,0.3620028582383492,0.3564117197081001,0.35819654808031,,-0.21492765704758532,-0.26856983512844645,-0.20527702563230815,-0.19329341317365267,,0.6333976635567381,0.6305726933667957,0.5616887453404082,0.5514899612539627
Hack,Language,0.009319069624939362,,,,,0.0060765440294125155,,,,,0.0032425255955268466,,,,
Hadoop,Webframework,0.11306095838313593,,,,,0.06874569886631171,,,,,0.044315259516824225,,,,
Haskell,Language,0.06532284831618454,,0.05221513472062463,0.04192721930133443,0.04171891511095456,0.04028901881686113,,0.030917773362612852,0.020690408829850526,0.019499823881648466,0.02503382949932341,,0.02129736135801178,0.021236810471483906,0.022219091229306095
Heroku,Platform,0.08995590842285489,0.09324280793914315,0.09418123061493602,0.1569387167929414,0.11920118580241967,-0.014788102850043186,-0.012401813811730306,-0.016770982300391868,-0.0904382852210607,-0.08430814838554604,0.10474401127289808,0.10564462175087345,0.11095221291532789,0.24737700201400212,0.2035093341879657
IBM Cloud or Watson,Platform,0.03351565932817164,0.036387739425626286,0.03367197221551548,0.03391195933633835,0.017787036295168656,0.019121501840936986,0.017630150903189038,0.017402447857660236,0.007576484127745274,0.0007010656197420084,0.014394157487234655,0.01875758852243725,0.016269524357855246,0.026335475208593077,0.017085970675426648
IBM DB2,Database,,,0.018874780467125582,0.009748943145543957,0.008632590941601105,,,-0.009810848456709126,-0.010928018865211513,-0.011643186241080489,,,0.028685628923834708,0.02067696201075547,0.020275777182681594
IBM Db2,Database,0.013656254715557568,,,,,-0.011649313414818167,,,,,0.025305568130375735,,,,
Java,Language,0.287946485561825,0.26845116422478277,0.2311687406322981,0.20911397938244472,0.18802395209580838,-0.16550922970868331,-0.14170539802898285,-0.17097145247307333,-0.14497856891338926,-0.14510743219443464,0.4534557152705083,0.4101565622537656,0.4021401931053714,0.354092548295834,0.333131384290243
JavaScript,Language,0.49103837414149665,0.5108999760189108,0.4564118651748057,0.44936071007928896,0.44453680873547025,-0.20707483340567312,-0.16535531980495377,-0.2201889225835686,-0.20130650703643888,-0.2098203592814371,0.6981132075471698,0.6762552958238646,0.6766007877583743,0.6506672171157278,0.6543571680169074
Julia,Language,0.017284959276942322,,0.028948377426888355,0.0296878225287468,0.031292708700246565,0.011795644292389,,0.01990309874864931,0.01671989023398133,0.016019725255371608,0.005489314984553323,,0.009045278678239047,0.012967932294765472,0.015272983444874957
Kotlin,Language,0.15308805882503126,0.15143486850369423,0.16687580605807104,0.12981288779338732,0.1312574850299401,0.10830546123011718,0.08725690598271077,0.0890062393251769,0.046444139538837,0.03957731595632265,0.044782597594914084,0.06417796252098346,0.07786956673289414,0.08336874825455032,0.09168016907361747
Kubernetes,Platform,,0.22044502812399336,0.26018238211095224,,,,0.1357633124365042,0.14544137585201422,,,,0.08468171568748915,0.11474100625893803,,
LISP,Language,,,,0.01837123741758442,0.01747094047199718,,,,0.005063321879135958,0.004339556181754139,,,,0.013307915538448463,0.013131384290243043
Laravel,Webframework,,0.10051982405954908,0.10075924217696729,0.07671739024745977,0.07111907963544001,,-0.002199255636553779,-0.009934009792095369,-0.026625828512162317,-0.02523158523830868,,0.10271907969610286,0.11069325196906266,0.10334321875962209,0.09635066487374869
Linode,Platform,,,,,0.04524877814277702,,,,,0.005308068263760915,,,,,0.03994070987901611
Linux,Platform,0.4472492007454658,0.5225611418093515,0.510279887822001,,,-0.03547023439749092,-0.007123919022722247,-0.03946659732927216,,,0.48271943514295673,0.5296850608320738,0.5497464851512731,,
Lua,Language,0.02982102279980596,,,,0.03367382881296231,-0.005068041974110857,,,,-0.006720676294469881,0.03488906477391682,,,,0.04039450510743219
MATLAB,Language,,,,,0.014920746741810497,,,,,-0.026121873899260305,,,,,0.0410426206410708
Mac OS,Platform,0.18156335702056092,,,,,0.0024394309004681924,,,,,0.17912392612009273,,,,
MacOS,Platform,,0.2159848353445499,0.2190256857901677,,,,-0.0046212552964789155,-0.020522630611221504,,,,0.22060609064102882,0.2395483164013892,,
Mainframe,Platform,0.00915165381293656,,,,,0.001075773875361747,,,,,0.008075879937574812,,,,
Managed Hosting,Platform,,,,,0.03779745212723339,,,,,-0.020831664129476804,,,,,0.0586291162567102
MariaDB,Database,0.10755998189225895,0.13134980138373714,0.12366513918888912,0.11756247663417019,0.11944245771028426,-0.02602987777274783,-0.031765448662299745,-0.044128631124210185,-0.05625053921145717,-0.06205818266495901,0.13358985966500678,0.16311525004603689,0.1677937703130993,0.17381301584562736,0.18150064037524327
Matlab,Language,0.026872111726708708,,,0.01896620809402965,,-0.03139122220236423,,,-0.02773291887756961,,0.058263333929072944,,,0.04669912697159926,
Memcached,Database,0.05412705598309944,,,,,-0.00042251395805040226,,,,,0.054549569941149845,,,,
Microsoft Azure,Platform,,0.14740937136060658,0.18230782088665193,0.28955596048719673,0.2560892556686163,,0.029362935798002823,0.03688501755102799,-0.027697324254339684,-0.036435381780306086,,0.11804643556260376,0.14542280333562393,0.3172532847415364,0.2925246374489224
"Microsoft Azure (Tables, CosmosDB, SQL, etc)",Database,0.12562245359891352,,,,,0.047110306322619575,,,,,0.07851214727629395,,,,
Microsoft SQL Server,Database,,0.21341383211006762,0.19936613036720027,0.16383400914502633,0.16411902662963024,,-0.11002814826506721,-0.13040757413650403,-0.1078710493773905,-0.1079157033316146,,0.32344198037513483,0.3297737045037043,0.27170505852241683,0.27203472996124484
MongoDB,Database,0.31576882450580956,0.31130139689053743,0.3234753820376688,0.28946308917838554,0.28770313201709885,0.056481062320808795,0.06007155446820822,0.05930920322183414,0.009375089868576214,0.0011476855009064924,0.25928776218500077,0.2512298424223292,0.26416617881583465,0.2800879993098093,0.28655544651619236
MySQL,Database,0.3314471103063226,0.3386999184489517,0.3176211720532128,0.29199378828401346,0.2706375476123152,-0.25568130375735626,-0.19449925025649123,-0.2387104588489412,-0.21542576136657754,-0.203739126095707,0.5871284140636789,0.5331991687054429,0.556331630902154,0.507419549650591,0.47437667370802217
Neo4j,Database,0.05719028217896484,,,,0.03915437201643353,0.0334691413912781,,,,0.0176810099632408,0.023721140787686737,,,,0.021473362053192727
Next.js,Webframework,,,,,0.19326161661437322,,,,,0.055318989989541295,,,,,0.13794262662483192
Node.js,Language,,,,0.2926284347414306,,,,,-0.04705125247398523,,,,,0.3396796872154158,
Node.js,Webframework,0.5091093484008837,,,,0.3912296429105035,0.04552863196783652,,,,-0.08936575526669654,0.4635807164330472,,,,0.48059539817720004
Nuxt.js,Webframework,,,,,0.07106305094875243,,,,,0.03204840878529807,,,,,0.039014642163454356
OCaml,Language,,,,,0.010412116942585417,,,,,0.004466361394857343,,,,,0.0059457555477280735
OVH,Platform,,,,,0.02469754026119702,,,,,-0.013620703469273299,,,,,0.03831824373047032
Objective-C,Language,0.045305997395766844,0.0325571834781715,0.02657813099097215,0.016999162184149496,0.012356463543501233,-0.025033829499323416,-0.01530221882172915,-0.014204050332880198,-0.011049455419697173,-0.011567453328636844,0.07033982689509026,0.04785940229990065,0.04078218132385235,0.02804861760384667,0.023923916872138077
Ocaml,Language,0.01459136517987081,,,,,0.008591416243266014,,,,,0.005999948936604795,,,,
OpenStack,Platform,,,,,0.027742168095505167,,,,,0.007130838875090136,,,,,0.02061132922041503
Oracle,Database,0.06565565112418892,0.09600662931102517,0.09677614712235298,0.06552497627469589,0.05839889556061942,-0.045646597253659285,-0.06647725778023307,-0.06784827502674769,-0.061987749115693214,-0.057933168110976194,0.1113022483778482,0.16248388709125824,0.16462442214910067,0.1275127253903891,0.11633206367159561
Oracle Cloud Infrastructure,Platform,,,,0.02681499952047569,0.022914830542424484,,,,0.007365493430516928,0.0006810351734636635,,,,0.01944950608995876,0.02223379536896082
Other(s):,Database,,0.05940073132875595,,,,,-0.007142293425933227,,,,,0.06654302475468918,,,
Other(s):,Language,,0.09035160844591122,,,,,-9.135653027897428e-05,,,,,0.0904429649761902,,,
Other(s):,Platform,,0.03272046980697277,,,,,-0.0026141685457293645,,,,,0.03533463835270213,,,
Other(s):,Webframework,,0.07640490910768663,,,,,-0.004444649503245052,,,,,0.08084955861093168,,,
PHP,Language,0.15630505272295556,0.14659297239890828,0.1238453762766217,0.10748327403863667,0.10320535399788658,-0.15098169377281892,-0.11639963914170542,-0.1377008609571613,-0.1126558762460993,-0.10569918985558296,0.3072867464957745,0.2629926115406137,0.261546237233783,0.22013915028473596,0.20890454385346954
Perl,Language,0.02462532233768223,,0.020042525009585557,0.014267153975982612,0.0131595632264882,-0.017246661730538463,,-0.01125867057060197,-0.01035734667362823,-0.010003522367030645,0.041871984068220694,,0.03130119558018753,0.02462450064961084,0.023163085593518845
Phoenix,Webframework,,,,,0.03477513820409383,,,,,0.013036007769311221,,,,,0.021739130434782608
Play Framework,Webframework,,,,,0.00692888092036456,,,,,-0.0014754220827730468,,,,,0.008404303003137607
PostgreSQL,Database,0.3019918515165233,0.34785468129324176,0.3569251266729919,0.38941132487849767,0.41935430215731606,-0.0266032895729591,0.009049535685160315,-0.004259442436966299,-0.019296580680412956,-0.022055521365246744,0.3285951410894824,0.33880514560808145,0.3611845691099582,0.4087079055589106,0.4414098235225628
PowerShell,Language,,,,0.05944849860971138,0.06622050017611836,,,,-0.048265478344281604,-0.05459668897499119,,,,0.10771397695399298,0.12081718915110955
Predix,Platform,0.0034091425627661024,,,,,0.0017424506431915634,,,,,0.001666691919574539,,,,
Python,Language,0.4186560114382005,0.45685116879260923,0.4650214367876189,0.42411695423582696,0.41352588939767526,0.031097607679934636,0.0406879146730007,0.02431245425075812,-0.05904780407251353,-0.06769989432898904,0.3875584037582659,0.41616325411960853,0.4407089825368608,0.4831647583083405,0.4812257837266643
R,Language,0.08988434140986035,0.07689935936233142,0.07443619505733905,0.04875116869240016,0.041338499471644946,0.02844231112926699,0.01925338875629503,0.01713200181254139,-0.002064183979503864,-0.0052694610778443104,0.061442030280593356,0.057645970606036386,0.05730419324479766,0.05081535267190403,0.04660796054948926
Raspberry Pi,Platform,0.24383702783375505,0.22013529251430977,0.21570120535631374,,,0.08460734253549296,0.06919493520331044,0.06693534907044557,,,0.1592296852982621,0.15094035731099933,0.14876585628586816,,
React,Webframework,0.4298598283168532,,,,,0.17021623383679235,,,,,0.25964359448006086,,,,
React.js,Webframework,,0.4541693580634247,0.47472740604082403,0.4167760545805176,0.4091961751083221,,0.14847282458244898,0.1159913905248468,0.00683877031779212,-0.025530404900642456,,0.3056965334809757,0.3587360155159772,0.40993728426272547,0.4347265800089646
Redis,Database,0.21409385845782405,0.23561676268644938,0.2417788723580354,0.24749086935265868,0.26963956022022256,0.03386147578089632,0.05185068266119486,0.05896602539515919,0.038248066028240324,0.04557475757222934,0.18023238267692773,0.18376608002525452,0.18281284696287622,0.20924280332441836,0.22406480264799322
Ruby,Language,0.0998800010212679,0.0828032751316105,0.07291993446965736,0.060007042510047716,0.055047551954913704,-0.0011106288457119612,-0.0009135653027898122,0.002405103001150266,-0.007613196206758384,-0.005523071504050722,0.10099062986697986,0.08371684043440031,0.0705148314685071,0.0676202387168061,0.060570623458964426
Ruby on Rails,Webframework,,0.10199624742394882,0.09103810402327396,0.06885766606705884,0.06110862094725833,,0.02163882993448371,0.021405425861538818,-0.003062861587826343,0.0016808606006275192,,0.08035741748946511,0.06963267816173514,0.07192052765488519,0.05942776034663081
Rust,Language,0.10030127403171037,0.11987118729230664,0.18409494928369757,0.19263693432252268,0.2411130679816837,0.07659509280772078,0.08796491909237288,0.133047509498414,0.12222397610403488,0.14777034166960196,0.023706181223989584,0.031906268199933766,0.05104743978528356,0.07041295821848781,0.09334272631208172
SAS,Language,,,,,0.005325818950334625,,,,,-0.0008030996829869672,,,,,0.006128918633321592
SQL,Language,0.3575841907728445,0.38330916191803033,0.34804280386210745,0.3233604915186323,0.34947516731243394,-0.2126662751806368,-0.15962269752994784,-0.1994318379866848,-0.14818412521097174,-0.14544557942937658,0.5702504659534813,0.5429318594479782,0.5474746418487922,0.471544616729604,0.4949207467418105
SQL Server,Database,0.24516372415874452,,,,,-0.16668175645088276,,,,,0.4118454806096273,,,,
SQLite,Database,0.12710125245208995,0.2342225028279799,0.22021923007045238,0.22116297127081355,0.23427754029374095,-0.06960917458880336,-0.0776839502275537,-0.09134586268849545,-0.10429068530181465,-0.08985213153473828,0.1967104270408933,0.3119064530555336,0.31156509275894784,0.3254536565726282,0.32412967182847924
Salesforce,Platform,0.019803330353490203,,,,,-0.002272761708510738,,,,,0.02207609206200094,,,,
Scala,Language,0.0793908136952026,0.06351562767646085,0.06038899926801213,0.03843024879488082,0.034533286368439595,0.03573161079480175,0.025728282839817748,0.024626163337864687,0.01234867710091431,0.008650933427263124,0.043659202900400845,0.0377873448366431,0.035762835930147445,0.02608157169396651,0.02588235294117647
Serverless,Platform,0.09900150002272762,,,,,0.05374323853391718,,,,,0.04525826148881044,,,,
SharePoint,Platform,0.016182063364596433,,,,,-0.01057591781693662,,,,,0.026757981181533053,,,,
Slack,Platform,,0.16785192159972248,,,,,-0.039336422429813916,,,,,0.2071883440295364,,,
Slack Apps and Integrations,Platform,,,0.0704084096354215,,,,,-0.0024329996471221943,,,,,0.07284140928254369,,
Solidity,Language,,,,,0.03671715392743924,,,,,0.022190912293060937,,,,,0.014526241634378302
Spark,Webframework,0.09623673439820349,,,,,0.051414393857075594,,,,,0.044822340541127895,,,,
Spring,Webframework,0.14602122496287442,0.1514256713112485,0.14761465502968377,0.11715040433014083,,-0.01839979716759027,-0.006951493340715431,-0.01655668298682561,-0.03156854165653815,,0.1644210221304647,0.15837716465196394,0.16417133801650938,0.14871894598667898,
Svelte,Webframework,,,,0.0848364042977296,0.12589645898700136,,,,0.056719659033821125,0.07920588674734799,,,,0.02811674526390847,0.046690572239653366
Swift,Language,0.12393086016289223,0.10049218330687801,0.09834779880790546,0.07713976953992982,0.07144769284959493,0.04337835422677254,0.03489819456657037,0.03914392275785144,0.026093713952669476,0.022289538569918985,0.08055250593611969,0.06559398874030764,0.059203876050054026,0.051046055587260344,0.049158154279675945
Symfony,Webframework,,,0.04001986801958419,0.02894323172411558,0.02676303600776931,,,-0.0037607322784361033,-0.010387800411622669,-0.009748991483639627,,,0.04378060029802029,0.03933103213573825,0.03651202749140894
TensorFlow,Webframework,0.2644065341011989,,,,,0.1914955268209642,,,,,0.07291100728023471,,,,
Torch/PyTorch,Webframework,0.07385272918251296,,,,,0.058133217429099215,,,,,0.015719511753413743,,,,
TypeScript,Language,0.21569178134654174,0.2708721122771757,0.29889504688208024,0.3266874704032444,0.3670306445931666,0.041744325580207825,0.059347485982482406,0.044825542891003545,0.02423594837111598,0.01828812962310672,0.1739474557663339,0.21152462629469332,0.2540695039910767,0.30245152203212844,0.34874251497005987
VB.NET,Language,0.01973600224678939,,,,,-0.04733576735517144,,,,,0.06707176960196083,,,,
VBA,Language,0.013621160670973013,0.018739508273475772,0.018386838160967617,0.012980074553468435,0.013004579077139838,-0.035016723261929686,-0.03585743813449965,-0.04259472271602356,-0.03373119467683379,-0.03187037689327228,0.0486378839329027,0.054596946407975425,0.06098156087699118,0.04671126923030222,0.04487495597041212
VMware,Platform,,,,,0.04997596346446599,,,,,-0.03873888310231552,,,,,0.08871484656678151
Visual Basic 6,Language,0.008808435672887891,,,,,-0.030599739576684454,,,,,0.039408175249572346,,,,
Vue,Webframework,,0.3042662483467134,0.3108398968755174,0.25578945662566643,0.23655311519497982,,0.15553197379348527,0.1376569928333215,0.06206751259986709,0.0445988346033169,,0.14873427455322813,0.17318290404219588,0.19372194402579934,0.19195428059166292
WebAssembly,Language,,0.0963811394443239,,,,,0.08479027966517831,,,,,0.011590859779145589,,,
Windows,Platform,,0.34956760908888174,0.33088795200861765,,,,-0.15381470376886286,-0.20019315417045858,,,,0.5033823128577446,0.5310811061790762,,
Windows Desktop or Server,Platform,0.2396399945453719,,,,,-0.1148047697692389,,,,,0.3544447643146108,,,,
Windows Phone,Platform,0.022409430445915847,,,,,-0.004863710056212972,,,,,0.02727314050212882,,,,
WordPress,Platform,0.08221336686919499,0.08159674901504076,0.07144847055327526,,,-0.0766678283004288,-0.0620586267562009,-0.07070556989766545,,,0.1588811951696238,0.14365537577124166,0.1421540404509407,,
Xamarin,Webframework,0.11608533449237568,,,,,0.04733963562606397,,,,,0.06874569886631171,,,,
iOS,Platform,0.1993969605600085,0.17957231707014892,0.17378303586352914,,,0.04483401263655512,0.05015238991996432,0.05191018331073677,,,0.15456294792345338,0.1294199271501846,0.12187285255279237,,
jQuery,Webframework,,0.2601888591553628,0.19825445256510324,0.1375370703485828,0.11088077095472883,,-0.21628064347451637,-0.23496298398732232,-0.21401137634304052,-0.1805057522784999,,0.47646950262987914,0.43321743655242556,0.35154844669162333,0.2913865232332287
