year,category,tech,usage,desire,admiration,desire_gap
2018,Webframework,.NET,0.25401137310297367,0.2770835597087906,0.6602737772707828,0.023072186605816947
2021,Language,APL,0.006508250664788664,0.00689680294328351,0.5074626865671642,0.0003885522784948456
2022,Language,APL,0.0071010919337795,0.008566396618527651,0.5654761904761905,0.0014653046847481511
2019,Webframework,ASP.NET,0.2568207683553259,0.2075451385684845,0.648541828852027,-0.04927562978684141
2020,Webframework,ASP.NET,0.21897395870290215,0.11395728375789399,0.3689781810326204,-0.10501667494500816
2021,Webframework,ASP.NET,0.16072730808498226,0.07273080849822548,0.36398467432950193,-0.08799649958675677
2022,Webframework,ASP.NET,0.1520058269834155,0.07186612879127446,0.37633615923332103,-0.08013969819214103
2020,Webframework,ASP.NET Core,0.19115873128503513,0.21329738167884765,0.7068794852759218,0.02213865039381252
2021,Webframework,ASP.NET Core,0.18480885474905603,0.1694135187255903,0.714749210803227,-0.015395336023465739
2022,Webframework,ASP.NET Core,0.189657104437472,0.16610637979979082,0.7149187592319055,-0.02355072463768118
2018,Platform,AWS,0.24132183820966985,0.2800496977226928,0.685816537954417,0.03872785951302293
2019,Platform,AWS,0.26394429714795453,0.3258170825383453,0.7161096507698085,0.06187278539039076
2020,Platform,AWS,0.2672399383392456,0.34138142376910646,0.6644659114601431,0.07414148542986088
2021,Platform,AWS,0.5588951759854225,0.5043636712381317,0.665522685153408,-0.05453150474729074
2022,Platform,AWS,0.5195697460139412,0.4747416072430094,0.6632483904545279,-0.044828138770931836
2018,Database,Amazon DynamoDB,0.052120114682360046,0.09145918213369549,0.5089751013317892,0.03933906745133544
2018,Platform,Amazon Echo,0.029364081273958696,0.08925892816557826,0.5319917440660474,0.059894846891619564
2018,Database,Amazon RDS/Aurora,0.05112418892409838,0.06986570092047684,0.5882526564344747,0.018741511996378454
2018,Database,Amazon Redshift,0.02209144409234948,0.04803078315980081,0.44808743169398907,0.02593933906745133
2018,Platform,Android,0.29026197366626766,0.33014136577826936,0.6376781333194133,0.0398793921120017
2019,Platform,Android,0.2680947543177144,0.306625864162351,0.6452239012893387,0.03853110984463659
2020,Platform,Android,0.26189105361885484,0.2801664097468566,0.5705269129848947,0.01827535612800174
2018,Webframework,Angular,0.3445072259045963,0.3429316527219385,0.5460232350312779,-0.00157557318265783
2020,Webframework,Angular,0.4125688876274273,0.3870242910191821,0.4228630396147452,-0.025544596608245207
2021,Webframework,Angular,0.3518725590289594,0.2564700925340723,0.44931607792566663,-0.0954024664948871
2022,Webframework,Angular,0.29975347377857464,0.20870685791125057,0.4270404984423676,-0.09104661586732407
2019,Webframework,Angular/Angular.js,0.3003906370151641,0.30177478391928886,0.5762338726192914,0.00138414690412475
2018,Database,Apache HBase,0.01670439112720688,0.03488758110759016,0.4363143631436314,0.01818318998038328
2018,Database,Apache Hive,0.02169910970273125,0.040033197525275385,0.4617524339360223,0.018334087822544136
2018,Platform,Apple Watch or Apple TV,0.019182108819830603,0.051318959378172394,0.6398104265402843,0.03213685055834179
2018,Platform,Arduino,0.10615312353217474,0.14582039121804877,0.5805024264915787,0.03966726768587403
2019,Platform,Arduino,0.10584285254107094,0.13805535594816265,0.6134847243357134,0.03221250340709171
2020,Platform,Arduino,0.10608621362108352,0.1280575005107442,0.531687675070028,0.02197128688966067
2018,Language,Assembly,0.07353128909541196,0.05316976025735951,0.2857638888888889,-0.020361528838052444
2019,Language,Assembly,0.06661033013966129,0.05320375932122098,0.3564203668781073,-0.013406570818440315
2020,Language,Assembly,0.06192268813831085,0.04303042978144934,0.29355474247115115,-0.018892258356861515
2021,Language,Assembly,0.0562429423121289,0.04344500163920492,0.3391623488773748,-0.012797940672923981
2022,Language,Assembly,0.05476576259246214,0.042916519901373726,0.35914587085155647,-0.011849242691088412
2018,Platform,Azure,0.11010772890498341,0.13689601357596326,0.6101554974542452,0.02678828467097985
2018,Language,Bash/Shell,0.39793703883371206,0.2649041284755023,0.5912998845117413,-0.13303291035820974
2021,Language,Bash/Shell,0.2718044610658475,0.17051373896572242,0.5633683270046906,-0.10129072210012507
2022,Language,Bash/Shell,0.29103205353997885,0.1865727368791828,0.5788632842757552,-0.10445931666079605
2019,Language,Bash/Shell/PowerShell,0.36532334501935615,0.24327102056663888,0.5948235441217843,-0.12205232445271727
2020,Language,Bash/Shell/PowerShell,0.33078880407124683,0.2043988985325386,0.5373551106427819,-0.12638990553870824
2022,Webframework,Blazor,0.04553264604810996,0.07246376811594203,0.6267432321575062,0.026931122067832068
2018,Language,C,0.2303214440728164,0.1316924962340746,0.3735727746369582,-0.09862894783874179
2019,Language,C,0.20574632575454785,0.12724822711233427,0.42482100238663484,-0.07849809864221358
2020,Language,C,0.21762696503886508,0.10615566942033532,0.330743973732682,-0.11147129561852977
2021,Language,C,0.21041320106366188,0.117804193936156,0.39557966414680595,-0.09260900712750587
2022,Language,C,0.19291299753434307,0.1106868615709757,0.3968010517090272,-0.08222613596336738
2018,Language,C#,0.34409068858988434,0.26066586667347513,0.6041403873265564,-0.08342482191640921
2019,Language,C#,0.3094359876211901,0.2563578435291028,0.6696682289552349,-0.05307814409208733
2020,Language,C#,0.3144236466938548,0.23831433650528078,0.5965301258245108,-0.07610931018857403
2021,Language,C#,0.27907767402892286,0.2185485143946477,0.6196049425687434,-0.06052915963427516
2022,Language,C#,0.28014089468122577,0.22093694963015145,0.6338580697077906,-0.05920394505107432
2018,Language,C++,0.25368294737917124,0.19517706232287385,0.4665861513687601,-0.05850588505629739
2019,Language,C++,0.2343751784307232,0.19248820929781088,0.5201227830832197,-0.041886969132912316
2020,Language,C++,0.2388894698316428,0.17003032521175362,0.4343765958999052,-0.06885914461988918
2021,Language,C++,0.24353728280534745,0.1851573029614969,0.49239666949194794,-0.058379979843850544
2022,Language,C++,0.22576963719619583,0.16760831278619231,0.48389915127309036,-0.05816132441000352
2021,Language,COBOL,0.005306167053195235,0.003751957939215853,0.15789473684210525,-0.0015542091139793823
2022,Language,COBOL,0.006537513208876365,0.004874955970412117,0.20043103448275862,-0.0016625572384642478
2018,Language,CSS,0.6507902060407996,0.38551586795006,0.5509327370093567,-0.26527433809073964
2018,Database,Cassandra,0.03687943262411347,0.0872189527689754,0.4644026186579378,0.05033952014486193
2019,Database,Cassandra,0.03415936653250204,0.07965695946123695,0.4724682325760493,0.04549759292873491
2020,Database,Cassandra,0.033389183842380446,0.08533015725619233,0.435912938331318,0.05194097341381189
2021,Database,Cassandra,0.026931814913869957,0.06077991545164352,0.42658836091831287,0.03384810053777356
2022,Database,Cassandra,0.026895760216895926,0.05286006553450542,0.4100185528756957,0.02596430531760949
2018,Language,Clojure,0.013174355962927976,0.03459545025148722,0.5959302325581395,0.021421094288559244
2019,Language,Clojure,0.014320136121230115,0.03142664641596912,0.682615629984051,0.01710651029473901
2021,Language,Clojure,0.01884478550700001,0.029299270250251953,0.8112113402061856,0.010454484743251943
2022,Language,Clojure,0.01507573089115886,0.027305389221556887,0.7523364485981309,0.012229658330398028
2022,Database,Cloud Firestore,0.07543121371900002,0.06442008615957819,0.5653803748621831,-0.011011127559421838
2018,Language,Cobol,0.00753185079275921,0.005923353843797074,0.15932203389830507,-0.0016084969489621364
2018,Language,CoffeeScript,0.033229504429749535,0.023693415375188296,0.17326162120630043,-0.009536089054561239
2022,Platform,Colocation,0.012859546510696259,0.010756349651470236,0.5545171339563862,-0.0021031968592260235
2018,Webframework,Cordova,0.07912274982795466,0.06686225506175522,0.4042114900434882,-0.012260494766199434
2022,Database,CouchDB,0.013023735466808602,0.01919462417458126,0.3282247765006386,0.0061708887077726576
2019,Database,Couchbase,0.0199537000499829,0.0324757319864257,0.3731048121292024,0.012522031936442798
2020,Database,Couchbase,0.018915154329087348,0.033873670185921634,0.3319103521878335,0.014958515856834286
2021,Database,Couchbase,0.01590314324332097,0.024012883559083195,0.37884267631103075,0.008109740315762226
2022,Database,Couchbase,0.013422930423645648,0.015884632657474095,0.49318463444857497,0.0024617022338284476
2021,Language,Crystal,0.005658292555581189,0.009592384375341502,0.5944206008583691,0.003934091819760312
2022,Language,Crystal,0.004790419161676647,0.00718562874251497,0.4588235294117647,0.0023952095808383233
2019,Language,Dart,0.019219130057440418,0.05057725907570031,0.6625074272133096,0.03135812901825989
2020,Language,Dart,0.03973648436683049,0.08264491616996061,0.6214912280701754,0.04290843180313012
2021,Language,Dart,0.06028631446021589,0.08521437157740083,0.6376636455186304,0.024928057117184946
2022,Language,Dart,0.06548784783374427,0.08570623458964424,0.6215576592082617,0.020218386755899972
2021,Language,Delphi,0.021018249814830556,0.011838702235389827,0.4737146158290006,-0.00917954757944073
2022,Language,Delphi,0.032560760831278616,0.023430785487847834,0.6551276503678062,-0.009129975343430782
2018,Language,Delphi/Object Pascal,0.025850843822605767,0.013097760870120254,0.3491358024691358,-0.012753082952485513
2022,Webframework,Deno,0.01727551172867175,0.06941954280591663,0.7232432432432433,0.05214403107724488
2021,Platform,DigitalOcean,0.1821233336530162,0.1663757552507912,0.5885202738283307,-0.015747578402224988
2022,Platform,DigitalOcean,0.15930213925166253,0.13987260636166973,0.5761347919024268,-0.0194295328899928
2018,Webframework,Django,0.1217537759426274,0.15889746097287116,0.5830730328722297,0.03714368503024376
2019,Webframework,Django,0.12686475346805698,0.17467933930054444,0.6211662019638744,0.04781458583248746
2020,Webframework,Django,0.1422455592610989,0.19482485394640364,0.5533754572663785,0.052579294685304756
2021,Webframework,Django,0.1530782569238498,0.1476655808903366,0.5528265932669914,-0.005412676033513197
2022,Webframework,Django,0.1494471836246825,0.1344688480502017,0.5309922519370157,-0.014978335574480806
2019,Platform,Docker,0.3123621676536908,0.4083925960799861,0.7782008567348881,0.09603042842629533
2020,Platform,Docker,0.35011050647252195,0.43567408948238395,0.7359821760118826,0.085563583009862
2018,Platform,Drupal,0.03045500689404385,0.019515447203745512,0.2955223880597015,-0.010939559690298337
2019,Webframework,Drupal,0.03375780505059826,0.023653532650487526,0.3011389521640091,-0.01010427240011073
2020,Webframework,Drupal,0.03238014144137752,0.021026987393268526,0.25493060628195763,-0.011353154048108993
2021,Webframework,Drupal,0.0244380702351435,0.01058226781402434,0.2473474801061008,-0.01385580242111916
2022,Webframework,Drupal,0.022616913192888093,0.011205737337516808,0.33278282411230387,-0.011411175855371285
2019,Database,DynamoDB,0.060887064951463975,0.08057769710362245,0.5472024195290559,0.019690632152158473
2020,Database,DynamoDB,0.07059369764014777,0.09635222157175445,0.506720045753503,0.025758523931606686
2021,Database,DynamoDB,0.0738647801455152,0.08683461306185834,0.5528518590617092,0.01296983291634314
2022,Database,DynamoDB,0.08364797658056253,0.08830525107699473,0.536289520779479,0.004657274496432204
2018,Platform,ESP8266,0.022212457764511584,0.02828830739859695,0.6739427012278308,0.006075849634085365
2018,Database,Elasticsearch,0.14051607062019014,0.21213218650973292,0.5989046391752577,0.07161611588954278
2019,Database,Elasticsearch,0.14100439323389366,0.2030884171204588,0.6364738805970149,0.06208402388656514
2020,Database,Elasticsearch,0.13761430849667924,0.2072995942426873,0.5872084494645738,0.06968528574600805
2021,Database,Elasticsearch,0.1341701895148535,0.16742875219279327,0.5670346157968064,0.03325856267793978
2022,Database,Elasticsearch,0.1235841053874686,0.14193044027877114,0.5592193808882907,0.018346334891302538
2019,Language,Elixir,0.014388653518939351,0.043257317087097034,0.6817460317460318,0.028868663568157683
2021,Language,Elixir,0.017460568014862125,0.04096798086380028,0.7211404728789986,0.023507412848938158
2022,Language,Elixir,0.021528707291299753,0.04634026065516027,0.7545811518324608,0.024811553363860515
2018,Language,Erlang,0.011310542037940102,0.035233742691551564,0.4717832957110609,0.023923200653611462
2019,Language,Erlang,0.008873003003345934,0.02425515878906919,0.47361647361647363,0.015382155785723257
2021,Language,Erlang,0.007904610415629515,0.01674417475138725,0.5376344086021505,0.008839564335757737
2022,Language,Erlang,0.009031349066572736,0.017245508982035928,0.5413416536661466,0.008214159915463192
2019,Webframework,Express,0.1925809725938913,0.18596782627418412,0.6827982750359367,-0.006613146319707164
2020,Webframework,Express,0.21194919463563472,0.19224674188131224,0.6193505189152997,-0.019702452754322475
2021,Webframework,Express,0.2432463091707586,0.19260375646198974,0.6207195203197868,-0.050642552708768857
2022,Webframework,Express,0.23451740624533093,0.17430524428507396,0.5914629290435613,-0.06021216196025697
2018,Language,F#,0.01423392141343478,0.04789746470242807,0.5964125560538116,0.03366354328899329
2019,Language,F#,0.011111237995180942,0.040208292889036074,0.6166495375128469,0.029097054893855133
2021,Language,F#,0.009762375997182996,0.02619085202229319,0.6243781094527363,0.016428476025110193
2022,Language,F#,0.010285311729482213,0.027432194434660093,0.6095890410958904,0.01714688270517788
2021,Webframework,FastAPI,0.03965514447307437,0.06464420568168927,0.7004495300367797,0.024989061208614903
2022,Webframework,FastAPI,0.06142611683848797,0.08536904228298223,0.6774095469747644,0.023942925444494258
2022,Webframework,Fastify,0.01882563872702824,0.027117884356790675,0.623015873015873,0.008292245629762437
2018,Platform,Firebase,0.14507795572660193,0.1799724238246034,0.6380156657963446,0.03489446809800148
2019,Database,Firebase,0.12643043169442034,0.1568016204982506,0.6140241364960466,0.030371188803830274
2020,Database,Firebase,0.14389244403173385,0.1736076064355936,0.5491021324354658,0.02971516240385974
2021,Database,Firebase,0.1635320507290139,0.15494780433094643,0.5622087399982415,-0.008584246398067458
2022,Platform,Firebase,0.21534732793846648,0.17312314718371927,0.5744581899358199,-0.04222418075474721
2022,Database,Firebase Realtime Database,0.08830525107699473,0.08835515044659936,0.5098888679600678,4.9899369604630706e-05
2019,Webframework,Flask,0.11832918089262096,0.12554212420411553,0.6109955809721861,0.00721294331149458
2020,Webframework,Flask,0.14203268762269686,0.14420870881525108,0.5437135720233139,0.0021760211925542228
2021,Webframework,Flask,0.1648759460028846,0.12306545448652503,0.5104187143699627,-0.04181049151635957
2022,Webframework,Flask,0.1492977737935156,0.10154265650679815,0.4841130848136102,-0.047755117286717455
2022,Language,Fortran,0.00910179640718563,0.006185276505811905,0.2647058823529412,-0.002916519901373724
2018,Platform,Gaming console,0.012878983014894166,0.06004636433885362,0.6129411764705882,0.04716738132395945
2020,Webframework,Gatsby,0.040280044466520025,0.0709099079921474,0.6071638285378743,0.030629863525627375
2021,Webframework,Gatsby,0.040530247783881895,0.04586189573306108,0.48660535785685727,0.0053316479491791816
2022,Webframework,Gatsby,0.03527939638428208,0.029303003137606455,0.35574377977766014,-0.005976393246675628
2018,Language,Go,0.07062067556871857,0.19824086603518268,0.6561822125813449,0.1276201904664641
2019,Language,Go,0.08223229681736688,0.19481780081992486,0.6794889598666852,0.11258550400255798
2020,Language,Go,0.08780368782460177,0.21968350238767473,0.6226677252878127,0.13187981456307296
2021,Language,Go,0.09566885632065276,0.19170198040239445,0.6273638786648051,0.09603312408174168
2022,Language,Go,0.11161676646706586,0.21838675589996479,0.6457965160313053,0.10676998943289892
2018,Database,Google BigQuery,0.020884261355062623,0.07599215331220764,0.5238439306358381,0.05510789195714502
2022,Platform,Google Cloud,0.27309510455892955,0.2682877974521272,0.5817808420126155,-0.004807307106802328
2019,Platform,Google Cloud Platform,0.12300220531754094,0.19719007854895063,0.6678082191780822,0.07418787323140968
2020,Platform,Google Cloud Platform,0.1405753765577698,0.21633267091358208,0.6089311666006078,0.07575729435581227
2021,Platform,Google Cloud Platform,0.32007288769540615,0.3112688213292414,0.5964523281596452,-0.008804066366164764
2018,Platform,Google Cloud Platform/App Engine,0.08033455052349278,0.1419112410794103,0.6246699358732554,0.061576690555917524
2018,Database,Google Cloud Storage,0.05483627584125547,0.11339972838388411,0.5646670335718217,0.05856345254262864
2018,Platform,Google Home,0.01351535629327717,0.06828891346838588,0.5762331838565022,0.054773557175108706
2018,Language,Groovy,0.04305920800674037,0.0261061607986315,0.3364957011562407,-0.016953047208108866
2021,Language,Groovy,0.03010065932464757,0.01429143849338854,0.31988705123033484,-0.015809220831259033
2022,Language,Groovy,0.03320887636491723,0.014610778443113773,0.3075943996605855,-0.018598097921803454
2018,Language,HTML,0.6846069395154084,0.405813567544106,0.5570970388602968,-0.2787933719713024
2019,Language,HTML/CSS,0.6333976635567381,0.4184700065091528,0.6217502614214113,-0.21492765704758532
2020,Language,HTML/CSS,0.6305726933667957,0.3620028582383492,0.5349769215886792,-0.26856983512844645
2021,Language,HTML/CSS,0.5616887453404082,0.3564117197081001,0.601872068138092,-0.20527702563230815
2022,Language,HTML/CSS,0.5514899612539627,0.35819654808031,0.620918706249042,-0.19329341317365267
2018,Language,Hack,0.0032425255955268466,0.009319069624939362,0.421259842519685,0.0060765440294125155
2018,Webframework,Hadoop,0.044315259516824225,0.11306095838313593,0.5390273804658766,0.06874569886631171
2018,Language,Haskell,0.02503382949932341,0.06532284831618454,0.536460989291178,0.04028901881686113
2020,Language,Haskell,0.02129736135801178,0.05221513472062463,0.5171849427168577,0.030917773362612852
2021,Language,Haskell,0.021236810471483906,0.04192721930133443,0.5300171526586621,0.020690408829850526
2022,Language,Haskell,0.022219091229306095,0.04171891511095456,0.5643627140139506,0.019499823881648466
2018,Platform,Heroku,0.10474401127289808,0.08995590842285489,0.5220598871691017,-0.014788102850043186
2019,Platform,Heroku,0.10564462175087345,0.09324280793914315,0.5269145068605606,-0.012401813811730306
2020,Platform,Heroku,0.11095221291532789,0.09418123061493602,0.4618346166722464,-0.016770982300391868
2021,Platform,Heroku,0.24737700201400212,0.1569387167929414,0.4816624021090176,-0.0904382852210607
2022,Platform,Heroku,0.2035093341879657,0.11920118580241967,0.43651574803149606,-0.08430814838554604
2018,Platform,IBM Cloud or Watson,0.014394157487234655,0.03351565932817164,0.4368421052631579,0.019121501840936986
2019,Platform,IBM Cloud or Watson,0.01875758852243725,0.036387739425626286,0.4464993394980185,0.017630150903189038
2020,Platform,IBM Cloud or Watson,0.016269524357855246,0.03367197221551548,0.3778538812785388,0.017402447857660236
2021,Platform,IBM Cloud or Watson,0.026335475208593077,0.03391195933633835,0.3729060451565914,0.007576484127745274
2022,Platform,IBM Cloud or Watson,0.017085970675426648,0.017787036295168656,0.3669402110199297,0.0007010656197420084
2020,Database,IBM DB2,0.028685628923834708,0.018874780467125582,0.23293455313159747,-0.009810848456709126
2021,Database,IBM DB2,0.02067696201075547,0.009748943145543957,0.24617524339360222,-0.010928018865211513
2022,Database,IBM DB2,0.020275777182681594,0.008632590941601105,0.26004922067268255,-0.011643186241080489
2018,Database,IBM Db2,0.025305568130375735,0.013656254715557568,0.21765056648777578,-0.011649313414818167
2018,Language,Java,0.4534557152705083,0.287946485561825,0.5066580332760902,-0.16550922970868331
2019,Language,Java,0.4101565622537656,0.26845116422478277,0.5338140713311246,-0.14170539802898285
2020,Language,Java,0.4021401931053714,0.2311687406322981,0.4410592008321054,-0.17097145247307333
2021,Language,Java,0.354092548295834,0.20911397938244472,0.47146972086962485,-0.14497856891338926
2022,Language,Java,0.333131384290243,0.18802395209580838,0.4574945017763492,-0.14510743219443464
2018,Language,JavaScript,0.6981132075471698,0.49103837414149665,0.6192078411293567,-0.20707483340567312
2019,Language,JavaScript,0.6762552958238646,0.5108999760189108,0.6679444097333626,-0.16535531980495377
2020,Language,JavaScript,0.6766007877583743,0.4564118651748057,0.5831487301014888,-0.2201889225835686
2021,Language,JavaScript,0.6506672171157278,0.44936071007928896,0.6151491966335119,-0.20130650703643888
2022,Language,JavaScript,0.6543571680169074,0.44453680873547025,0.6146028465000107,-0.2098203592814371
2018,Language,Julia,0.005489314984553323,0.017284959276942322,0.5279069767441861,0.011795644292389
2020,Language,Julia,0.009045278678239047,0.028948377426888355,0.6223506743737958,0.01990309874864931
2021,Language,Julia,0.012967932294765472,0.0296878225287468,0.7069288389513109,0.01671989023398133
2022,Language,Julia,0.015272983444874957,0.031292708700246565,0.7250922509225092,0.016019725255371608
2018,Language,Kotlin,0.044782597594914084,0.15308805882503126,0.750570125427594,0.10830546123011718
2019,Language,Kotlin,0.06417796252098346,0.15143486850369423,0.7256227758007118,0.08725690598271077
2020,Language,Kotlin,0.07786956673289414,0.16687580605807104,0.6291405550581916,0.0890062393251769
2021,Language,Kotlin,0.08336874825455032,0.12981288779338732,0.6154966501602097,0.046444139538837
2022,Language,Kotlin,0.09168016907361747,0.1312574850299401,0.6328569233133549,0.03957731595632265
2019,Platform,Kubernetes,0.08468171568748915,0.22044502812399336,0.7678127286027798,0.1357633124365042
2020,Platform,Kubernetes,0.11474100625893803,0.26018238211095224,0.7113952735513112,0.14544137585201422
2021,Language,LISP,0.013307915538448463,0.01837123741758442,0.5529197080291971,0.005063321879135958
2022,Language,LISP,0.013131384290243043,0.01747094047199718,0.5718884120171673,0.004339556181754139
2019,Webframework,Laravel,0.10271907969610286,0.10051982405954908,0.6008384488695913,-0.002199255636553779
2020,Webframework,Laravel,0.11069325196906266,0.10075924217696729,0.5136752136752136,-0.009934009792095369
2021,Webframework,Laravel,0.10334321875962209,0.07671739024745977,0.5378704720087816,-0.026625828512162317
2022,Webframework,Laravel,0.09635066487374869,0.07111907963544001,0.5446792013956193,-0.02523158523830868
2022,Platform,Linode,0.03994070987901611,0.04524877814277702,0.5646940822467402,0.005308068263760915
2018,Platform,Linux,0.48271943514295673,0.4472492007454658,0.7651840924071691,-0.03547023439749092
2019,Platform,Linux,0.5296850608320738,0.5225611418093515,0.8307487193881131,-0.007123919022722247
2020,Platform,Linux,0.5497464851512731,0.510279887822001,0.7689527027027027,-0.03946659732927216
2018,Language,Lua,0.03488906477391682,0.02982102279980596,0.31759970728137576,-0.005068041974110857
2022,Language,Lua,0.04039450510743219,0.03367382881296231,0.42727589815137773,-0.006720676294469881
2022,Language,MATLAB,0.0410426206410708,0.014920746741810497,0.19155509783728114,-0.026121873899260305
2018,Platform,Mac OS,0.17912392612009273,0.18156335702056092,0.6389781762815091,0.0024394309004681924
2019,Platform,MacOS,0.22060609064102882,0.2159848353445499,0.704818600471751,-0.0046212552964789155
2020,Platform,MacOS,0.2395483164013892,0.2190256857901677,0.6438982788029152,-0.020522630611221504
2018,Platform,Mainframe,0.008075879937574812,0.00915165381293656,0.31144465290806755,0.001075773875361747
2022,Platform,Managed Hosting,0.0586291162567102,0.03779745212723339,0.5459514861633071,-0.020831664129476804
2018,Database,MariaDB,0.13358985966500678,0.10755998189225895,0.5333785157573704,-0.02602987777274783
2019,Database,MariaDB,0.16311525004603689,0.13134980138373714,0.5905975324570599,-0.031765448662299745
2020,Database,MariaDB,0.1677937703130993,0.12366513918888912,0.5132338787295476,-0.044128631124210185
2021,Database,MariaDB,0.17381301584562736,0.11756247663417019,0.5474851091992058,-0.05625053921145717
2022,Database,MariaDB,0.18150064037524327,0.11944245771028426,0.5460043988269795,-0.06205818266495901
2018,Language,Matlab,0.058263333929072944,0.026872111726708708,0.22567922874671342,-0.03139122220236423
2021,Language,Matlab,0.04669912697159926,0.01896620809402965,0.21606864274570983,-0.02773291887756961
2018,Database,Memcached,0.054549569941149845,0.05412705598309944,0.42213001383125864,-0.00042251395805040226
2019,Platform,Microsoft Azure,0.11804643556260376,0.14740937136060658,0.6544920235096557,0.029362935798002823
2020,Platform,Microsoft Azure,0.14542280333562393,0.18230782088665193,0.6215836526181354,0.03688501755102799
2021,Platform,Microsoft Azure,0.3172532847415364,0.28955596048719673,0.592261185006046,-0.027697324254339684
2022,Platform,Microsoft Azure,0.2925246374489224,0.2560892556686163,0.5942207614352232,-0.036435381780306086
2018,Database,"Microsoft Azure (Tables, CosmosDB, SQL, etc)",0.07851214727629395,0.12562245359891352,0.5669805881222372,0.047110306322619575
2019,Database,Microsoft SQL Server,0.32344198037513483,0.21341383211006762,0.5748271655144368,-0.11002814826506721
2020,Database,Microsoft SQL Server,0.3297737045037043,0.19936613036720027,0.5091821743388835,-0.13040757413650403
2021,Database,Microsoft SQL Server,0.27170505852241683,0.16383400914502633,0.5408022861981372,-0.1078710493773905
2022,Database,Microsoft SQL Server,0.27203472996124484,0.16411902662963024,0.5494955671048609,-0.1079157033316146
2018,Database,MongoDB,0.25928776218500077,0.31576882450580956,0.5506023395216202,0.056481062320808795
2019,Database,MongoDB,0.2512298424223292,0.31130139689053743,0.5945026178010471,0.06007155446820822
2020,Database,MongoDB,0.26416617881583465,0.3234753820376688,0.5599877731927251,0.05930920322183414
2021,Database,MongoDB,0.2800879993098093,0.28946308917838554,0.6028030186354536,0.009375089868576214
2022,Database,MongoDB,0.28655544651619236,0.28770313201709885,0.6051195727884838,0.0011476855009064924
2018,Database,MySQL,0.5871284140636789,0.3314471103063226,0.4871109511938112,-0.25568130375735626
2019,Database,MySQL,0.5331991687054429,0.3386999184489517,0.538520364111799,-0.19449925025649123
2020,Database,MySQL,0.556331630902154,0.3176211720532128,0.47135237127617113,-0.2387104588489412
2021,Database,MySQL,0.507419549650591,0.29199378828401346,0.5135027912380629,-0.21542576136657754
2022,Database,MySQL,0.47437667370802217,0.2706375476123152,0.511711079943899,-0.203739126095707
2018,Database,Neo4j,0.023721140787686737,0.05719028217896484,0.49745547073791346,0.0334691413912781
2022,Database,Neo4j,0.021473362053192727,0.03915437201643353,0.48644461657629745,0.0176810099632408
2022,Webframework,Next.js,0.13794262662483192,0.19326161661437322,0.6922556187381532,0.055318989989541295
2018,Webframework,Node.js,0.4635807164330472,0.5091093484008837,0.6635284006563013,0.04552863196783652
2021,Language,Node.js,0.3396796872154158,0.2926284347414306,0.632207327971403,-0.04705125247398523
2022,Webframework,Node.js,0.48059539817720004,0.3912296429105035,0.6736097617844791,-0.08936575526669654
2022,Webframework,Nuxt.js,0.039014642163454356,0.07106305094875243,0.6414552417424605,0.03204840878529807
2022,Language,OCaml,0.0059457555477280735,0.010412116942585417,0.46919431279620855,0.004466361394857343
2022,Platform,OVH,0.03831824373047032,0.02469754026119702,0.4851019341348667,-0.013620703469273299
2018,Language,Objective-C,0.07033982689509026,0.045305997395766844,0.29727767695099816,-0.025033829499323416
2019,Language,Objective-C,0.04785940229990065,0.0325571834781715,0.3125745645430685,-0.01530221882172915
2020,Language,Objective-C,0.04078218132385235,0.02657813099097215,0.23376068376068376,-0.014204050332880198
2021,Language,Objective-C,0.02804861760384667,0.016999162184149496,0.26926406926406926,-0.011049455419697173
2022,Language,Objective-C,0.023923916872138077,0.012356463543501233,0.23439340400471143,-0.011567453328636844
2018,Language,Ocaml,0.005999948936604795,0.01459136517987081,0.4148936170212766,0.008591416243266014
2022,Platform,OpenStack,0.02061132922041503,0.027742168095505167,0.4509232264334305,0.007130838875090136
2018,Database,Oracle,0.1113022483778482,0.06565565112418892,0.368763557483731,-0.045646597253659285
2019,Database,Oracle,0.16248388709125824,0.09600662931102517,0.382498178580102,-0.06647725778023307
2020,Database,Oracle,0.16462442214910067,0.09677614712235298,0.33182096873084,-0.06784827502674769
2021,Database,Oracle,0.1275127253903891,0.06552497627469589,0.35182679296346414,-0.061987749115693214
2022,Database,Oracle,0.11633206367159561,0.05839889556061942,0.3533028309979983,-0.057933168110976194
2021,Platform,Oracle Cloud Infrastructure,0.01944950608995876,0.02681499952047569,0.4280078895463511,0.007365493430516928
2022,Platform,Oracle Cloud Infrastructure,0.02223379536896082,0.022914830542424484,0.509009009009009,0.0006810351734636635
2019,Language,Other(s):,0.0904429649761902,0.09035160844591122,0.6963383838383839,-9.135653027897428e-05
2019,Database,Other(s):,0.06654302475468918,0.05940073132875595,0.6440007906700929,-0.007142293425933227
2019,Platform,Other(s):,0.03533463835270213,0.03272046980697277,0.7808555399719496,-0.0026141685457293645
2019,Webframework,Other(s):,0.08084955861093168,0.07640490910768663,0.7331177477648849,-0.004444649503245052
2018,Language,PHP,0.3072867464957745,0.15630505272295556,0.41639317020481076,-0.15098169377281892
2019,Language,PHP,0.2629926115406137,0.14659297239890828,0.4579678679982631,-0.11639963914170542
2020,Language,PHP,0.261546237233783,0.1238453762766217,0.37255947224628505,-0.1377008609571613
2021,Language,PHP,0.22013915028473596,0.10748327403863667,0.402426916712631,-0.1126558762460993
2022,Language,PHP,0.20890454385346954,0.10320535399788658,0.41613273082889324,-0.10569918985558296
2018,Language,Perl,0.041871984068220694,0.02462532233768223,0.2871951219512195,-0.017246661730538463
2020,Language,Perl,0.03130119558018753,0.020042525009585557,0.28619153674832964,-0.01125867057060197
2021,Language,Perl,0.02462450064961084,0.014267153975982612,0.3599605522682446,-0.01035734667362823
2022,Language,Perl,0.023163085593518845,0.0131595632264882,0.3497566909975669,-0.010003522367030645
2022,Webframework,Phoenix,0.021739130434782608,0.03477513820409383,0.8350515463917526,0.013036007769311221
2022,Webframework,Play Framework,0.008404303003137607,0.00692888092036456,0.3977777777777778,-0.0014754220827730468
2018,Database,PostgreSQL,0.3285951410894824,0.3019918515165233,0.6204077883908891,-0.0266032895729591
2019,Database,PostgreSQL,0.33880514560808145,0.34785468129324176,0.696405000388229,0.009049535685160315
2020,Database,PostgreSQL,0.3611845691099582,0.3569251266729919,0.6389447797898502,-0.004259442436966299
2021,Database,PostgreSQL,0.4087079055589106,0.38941132487849767,0.7039825499577822,-0.019296580680412956
2022,Database,PostgreSQL,0.4414098235225628,0.41935430215731606,0.7208154344713241,-0.022055521365246744
2021,Language,PowerShell,0.10771397695399298,0.05944849860971138,0.4343366024123549,-0.048265478344281604
2022,Language,PowerShell,0.12081718915110955,0.06622050017611836,0.437667638483965,-0.05459668897499119
2018,Platform,Predix,0.001666691919574539,0.0034091425627661024,0.39090909090909093,0.0017424506431915634
2018,Language,Python,0.3875584037582659,0.4186560114382005,0.6796337165255772,0.031097607679934636
2019,Language,Python,0.41616325411960853,0.45685116879260923,0.7311143429465192,0.0406879146730007
2020,Language,Python,0.4407089825368608,0.4650214367876189,0.6666666666666666,0.02431245425075812
2021,Language,Python,0.4831647583083405,0.42411695423582696,0.6783273019702453,-0.05904780407251353
2022,Language,Python,0.4812257837266643,0.41352588939767526,0.6733713951105256,-0.06769989432898904
2018,Language,R,0.061442030280593356,0.08988434140986035,0.49407853729482654,0.02844231112926699
2019,Language,R,0.057645970606036386,0.07689935936233142,0.5172345483359746,0.01925338875629503
2020,Language,R,0.05730419324479766,0.07443619505733905,0.444647201946472,0.01713200181254139
2021,Language,R,0.05081535267190403,0.04875116869240016,0.44229390681003583,-0.002064183979503864
2022,Language,R,0.04660796054948926,0.041338499471644946,0.4159613059250302,-0.0052694610778443104
2018,Platform,Raspberry Pi,0.1592296852982621,0.24383702783375505,0.676753259111238,0.08460734253549296
2019,Platform,Raspberry Pi,0.15094035731099933,0.22013529251430977,0.7209225970614791,0.06919493520331044
2020,Platform,Raspberry Pi,0.14876585628586816,0.21570120535631374,0.6607990012484395,0.06693534907044557
2018,Webframework,React,0.25964359448006086,0.4298598283168532,0.6944270070447095,0.17021623383679235
2019,Webframework,React.js,0.3056965334809757,0.4541693580634247,0.7454847310962419,0.14847282458244898
2020,Webframework,React.js,0.3587360155159772,0.47472740604082403,0.6893914419463308,0.1159913905248468
2021,Webframework,React.js,0.40993728426272547,0.4167760545805176,0.6927972802024035,0.00683877031779212
2022,Webframework,React.js,0.4347265800089646,0.4091961751083221,0.68191777290888,-0.025530404900642456
2018,Database,Redis,0.18023238267692773,0.21409385845782405,0.6450100468854655,0.03386147578089632
2019,Database,Redis,0.18376608002525452,0.23561676268644938,0.7134063417078234,0.05185068266119486
2020,Database,Redis,0.18281284696287622,0.2417788723580354,0.6647526501766784,0.05896602539515919
2021,Database,Redis,0.20924280332441836,0.24749086935265868,0.7070505772402419,0.038248066028240324
2022,Database,Redis,0.22406480264799322,0.26963956022022256,0.7104149654814045,0.04557475757222934
2018,Language,Ruby,0.10099062986697986,0.0998800010212679,0.47402351156617367,-0.0011106288457119612
2019,Language,Ruby,0.08371684043440031,0.0828032751316105,0.5030691583685718,-0.0009135653027898122
2020,Language,Ruby,0.0705148314685071,0.07291993446965736,0.42857142857142855,0.002405103001150266
2021,Language,Ruby,0.0676202387168061,0.060007042510047716,0.5324115640150835,-0.007613196206758384
2022,Language,Ruby,0.060570623458964426,0.055047551954913704,0.4998836938822982,-0.005523071504050722
2019,Webframework,Ruby on Rails,0.08035741748946511,0.10199624742394882,0.5714832535885167,0.02163882993448371
2020,Webframework,Ruby on Rails,0.06963267816173514,0.09103810402327396,0.49320652173913043,0.021405425861538818
2021,Webframework,Ruby on Rails,0.07192052765488519,0.06885766606705884,0.5754844524560613,-0.003062861587826343
2022,Webframework,Ruby on Rails,0.05942776034663081,0.06110862094725833,0.5534255185417976,0.0016808606006275192
2018,Language,Rust,0.023706181223989584,0.10030127403171037,0.7889068389876144,0.07659509280772078
2019,Language,Rust,0.031906268199933766,0.11987118729230664,0.8346456692913385,0.08796491909237288
2020,Language,Rust,0.05104743978528356,0.18409494928369757,0.8613861386138614,0.133047509498414
2021,Language,Rust,0.07041295821848781,0.19263693432252268,0.8698051388170375,0.12222397610403488
2022,Language,Rust,0.09334272631208172,0.2411130679816837,0.8673207547169811,0.14777034166960196
2022,Language,SAS,0.006128918633321592,0.005325818950334625,0.35402298850574715,-0.0008030996829869672
2018,Language,SQL,0.5702504659534813,0.3575841907728445,0.5751734945153347,-0.2126662751806368
2019,Language,SQL,0.5429318594479782,0.38330916191803033,0.6408589937741881,-0.15962269752994784
2020,Language,SQL,0.5474746418487922,0.34804280386210745,0.5659440359087002,-0.1994318379866848
2021,Language,SQL,0.471544616729604,0.3233604915186323,0.6182824771469035,-0.14818412521097174
2022,Language,SQL,0.4949207467418105,0.34947516731243394,0.6424687562274034,-0.14544557942937658
2018,Database,SQL Server,0.4118454806096273,0.24516372415874452,0.5162495878063973,-0.16668175645088276
2018,Database,SQLite,0.1967104270408933,0.12710125245208995,0.48135931267259896,-0.06960917458880336
2019,Database,SQLite,0.3119064530555336,0.2342225028279799,0.5558132669843546,-0.0776839502275537
2020,Database,SQLite,0.31156509275894784,0.22021923007045238,0.4944278864843851,-0.09134586268849545
2021,Database,SQLite,0.3254536565726282,0.22116297127081355,0.5443138640982592,-0.10429068530181465
2022,Database,SQLite,0.32412967182847924,0.23427754029374095,0.5750500333555704,-0.08985213153473828
2018,Platform,Salesforce,0.02207609206200094,0.019803330353490203,0.303363074811256,-0.002272761708510738
2018,Language,Scala,0.043659202900400845,0.0793908136952026,0.5850877192982457,0.03573161079480175
2019,Language,Scala,0.0377873448366431,0.06351562767646085,0.5832577818071925,0.025728282839817748
2020,Language,Scala,0.035762835930147445,0.06038899926801213,0.5321637426900585,0.024626163337864687
2021,Language,Scala,0.02608157169396651,0.03843024879488082,0.5228119180633147,0.01234867710091431
2022,Language,Scala,0.02588235294117647,0.034533286368439595,0.5029940119760479,0.008650933427263124
2018,Platform,Serverless,0.04525826148881044,0.09900150002272762,0.7522597924338802,0.05374323853391718
2018,Platform,SharePoint,0.026757981181533053,0.016182063364596433,0.28199320498301245,-0.01057591781693662
2019,Platform,Slack,0.2071883440295364,0.16785192159972248,0.6519763200382707,-0.039336422429813916
2020,Platform,Slack Apps and Integrations,0.07284140928254369,0.0704084096354215,0.5104538500764916,-0.0024329996471221943
2022,Language,Solidity,0.014526241634378302,0.03671715392743924,0.6207565470417071,0.022190912293060937
2018,Webframework,Spark,0.044822340541127895,0.09623673439820349,0.6602020202020202,0.051414393857075594
2018,Webframework,Spring,0.1644210221304647,0.14602122496287442,0.6001762308624298,-0.01839979716759027
2019,Webframework,Spring,0.15837716465196394,0.1514256713112485,0.6564381433288017,-0.006951493340715431
2020,Webframework,Spring,0.16417133801650938,0.14761465502968377,0.5770061950727561,-0.01655668298682561
2021,Webframework,Spring,0.14871894598667898,0.11715040433014083,0.5982347172278523,-0.03156854165653815
2021,Webframework,Svelte,0.02811674526390847,0.0848364042977296,0.7146974063400576,0.056719659033821125
2022,Webframework,Svelte,0.046690572239653366,0.12589645898700136,0.7528,0.07920588674734799
2018,Language,Swift,0.08055250593611969,0.12393086016289223,0.6507131537242472,0.04337835422677254
2019,Language,Swift,0.06559398874030764,0.10049218330687801,0.6915041782729805,0.03489819456657037
2020,Language,Swift,0.059203876050054026,0.09834779880790546,0.5949367088607594,0.03914392275785144
2021,Language,Swift,0.051046055587260344,0.07713976953992982,0.6355851569933397,0.026093713952669476
2022,Language,Swift,0.049158154279675945,0.07144769284959493,0.6288334766408713,0.022289538569918985
2020,Webframework,Symfony,0.04378060029802029,0.04001986801958419,0.4559697460831983,-0.0037607322784361033
2021,Webframework,Symfony,0.03933103213573825,0.02894323172411558,0.4758961681087763,-0.010387800411622669
2022,Webframework,Symfony,0.03651202749140894,0.02676303600776931,0.5033248081841433,-0.009748991483639627
2018,Webframework,TensorFlow,0.07291100728023471,0.2644065341011989,0.7352210630899155,0.1914955268209642
2018,Webframework,Torch/PyTorch,0.015719511753413743,0.07385272918251296,0.6797235023041475,0.058133217429099215
2018,Language,TypeScript,0.1739474557663339,0.21569178134654174,0.6702627330104213,0.041744325580207825
2019,Language,TypeScript,0.21152462629469332,0.2708721122771757,0.7309291151541327,0.059347485982482406
2020,Language,TypeScript,0.2540695039910767,0.29889504688208024,0.6712854986966662,0.044825542891003545
2021,Language,TypeScript,0.30245152203212844,0.3266874704032444,0.727327471998073,0.02423594837111598
2022,Language,TypeScript,0.34874251497005987,0.3670306445931666,0.7346073044602457,0.01828812962310672
2018,Language,VB.NET,0.06707176960196083,0.01973600224678939,0.19052150742291588,-0.04733576735517144
2018,Language,VBA,0.0486378839329027,0.013621160670973013,0.19973753280839895,-0.035016723261929686
2019,Language,VBA,0.054596946407975425,0.018739508273475772,0.24764693578749217,-0.03585743813449965
2020,Language,VBA,0.06098156087699118,0.018386838160967617,0.19634181194627037,-0.04259472271602356
2021,Language,VBA,0.04671126923030222,0.012980074553468435,0.20613465037691708,-0.03373119467683379
2022,Language,VBA,0.04487495597041212,0.013004579077139838,0.21444270015698588,-0.03187037689327228
2022,Platform,VMware,0.08871484656678151,0.04997596346446599,0.41679837435086925,-0.03873888310231552
2018,Language,Visual Basic 6,0.039408175249572346,0.008808435672887891,0.1010689990281827,-0.030599739576684454
2019,Webframework,Vue,0.14873427455322813,0.3042662483467134,0.7358080860304002,0.15553197379348527
2020,Webframework,Vue,0.17318290404219588,0.3108398968755174,0.660475279978148,0.1376569928333215
2021,Webframework,Vue,0.19372194402579934,0.25578945662566643,0.6440522001003848,0.06206751259986709
2022,Webframework,Vue,0.19195428059166292,0.23655311519497982,0.63164039696439,0.0445988346033169
2019,Language,WebAssembly,0.011590859779145589,0.0963811394443239,0.6945812807881774,0.08479027966517831
2019,Platform,Windows,0.5033823128577446,0.34956760908888174,0.6418656165395028,-0.15381470376886286
2020,Platform,Windows,0.5310811061790762,0.33088795200861765,0.5749956286063997,-0.20019315417045858
2018,Platform,Windows Desktop or Server,0.3544447643146108,0.2396399945453719,0.6119779421194375,-0.1148047697692389
2018,Platform,Windows Phone,0.02727314050212882,0.022409430445915847,0.31222222222222223,-0.004863710056212972
2018,Platform,WordPress,0.1588811951696238,0.08221336686919499,0.3683005912645432,-0.0766678283004288
2019,Platform,WordPress,0.14365537577124166,0.08159674901504076,0.4045709357481673,-0.0620586267562009
2020,Platform,WordPress,0.1421540404509407,0.07144847055327526,0.33002351711523387,-0.07070556989766545
2018,Webframework,Xamarin,0.06874569886631171,0.11608533449237568,0.4897260273972603,0.04733963562606397
2018,Platform,iOS,0.15456294792345338,0.1993969605600085,0.6457210077443388,0.04483401263655512
2019,Platform,iOS,0.1294199271501846,0.17957231707014892,0.6807390388665517,0.05015238991996432
2020,Platform,iOS,0.12187285255279237,0.17378303586352914,0.6107893934775983,0.05191018331073677
2019,Webframework,jQuery,0.47646950262987914,0.2601888591553628,0.45343920467383236,-0.21628064347451637
2020,Webframework,jQuery,0.43321743655242556,0.19825445256510324,0.3645992574797991,-0.23496298398732232
2021,Webframework,jQuery,0.35154844669162333,0.1375370703485828,0.35292490665191534,-0.21401137634304052
2022,Webframework,jQuery,0.2913865232332287,0.11088077095472883,0.34002051019100116,-0.1805057522784999
