tech,category,usage,desire_gap,admiration,consec_neg,status,year
.NET,Webframework,0.2540113731029736,0.0230721866058169,0.6602737772707828,0,观察/稳定,2018
APL,Language,0.0071010919337795,0.0014653046847481,0.5654761904761905,0,增长信号,2022
ASP.NET,Webframework,0.1520058269834155,-0.080139698192141,0.376336159233321,4,衰退预警,2022
ASP.NET Core,Webframework,0.189657104437472,-0.0235507246376811,0.7149187592319055,2,衰退预警,2022
AWS,Platform,0.5195697460139412,-0.0448281387709318,0.6632483904545279,2,衰退预警,2022
Amazon DynamoDB,Database,0.05212011468236,0.0393390674513354,0.5089751013317892,0,观察/稳定,2018
Amazon Echo,Platform,0.0293640812739586,0.0598948468916195,0.5319917440660474,0,观察/稳定,2018
Amazon RDS/Aurora,Database,0.0511241889240983,0.0187415119963784,0.5882526564344747,0,观察/稳定,2018
Amazon Redshift,Database,0.0220914440923494,0.0259393390674513,0.448087431693989,0,观察/稳定,2018
Android,Platform,0.2618910536188548,0.0182753561280017,0.5705269129848947,0,增长信号,2020
Angular,Webframework,0.2997534737785746,-0.091046615867324,0.4270404984423676,4,衰退预警,2022
Angular/Angular.js,Webframework,0.3003906370151641,0.0013841469041247,0.5762338726192914,0,观察/稳定,2019
Apache HBase,Database,0.0167043911272068,0.0181831899803832,0.4363143631436314,0,观察/稳定,2018
Apache Hive,Database,0.0216991097027312,0.0183340878225441,0.4617524339360223,0,观察/稳定,2018
Apple Watch or Apple TV,Platform,0.0191821088198306,0.0321368505583417,0.6398104265402843,0,观察/稳定,2018
Arduino,Platform,0.1060862136210835,0.0219712868896606,0.531687675070028,0,增长信号,2020
Assembly,Language,0.0547657625924621,-0.0118492426910884,0.3591458708515564,5,衰退预警,2022
Azure,Platform,0.1101077289049834,0.0267882846709798,0.6101554974542452,0,观察/稳定,2018
Bash/Shell,Language,0.2910320535399788,-0.104459316660796,0.5788632842757552,3,衰退预警,2022
Bash/Shell/PowerShell,Language,0.3307888040712468,-0.1263899055387082,0.5373551106427819,2,衰退预警,2020
Blazor,Webframework,0.0455326460481099,0.026931122067832,0.6267432321575062,0,观察/稳定,2022
C,Language,0.192912997534343,-0.0822261359633673,0.3968010517090272,5,衰退预警,2022
C#,Language,0.2801408946812257,-0.0592039450510743,0.6338580697077906,5,衰退预警,2022
C++,Language,0.2257696371961958,-0.0581613244100035,0.4838991512730903,5,衰退预警,2022
COBOL,Language,0.0065375132088763,-0.0016625572384642,0.2004310344827586,2,衰退预警,2022
CSS,Language,0.6507902060407996,-0.2652743380907396,0.5509327370093567,1,观察/稳定,2018
Cassandra,Database,0.0268957602168959,0.0259643053176094,0.4100185528756957,0,增长信号,2022
Clojure,Language,0.0150757308911588,0.012229658330398,0.7523364485981309,0,增长信号,2022
Cloud Firestore,Database,0.075431213719,-0.0110111275594218,0.5653803748621831,1,观察/稳定,2022
Cobol,Language,0.0075318507927592,-0.0016084969489621,0.159322033898305,1,观察/稳定,2018
CoffeeScript,Language,0.0332295044297495,-0.0095360890545612,0.1732616212063004,1,观察/稳定,2018
Colocation,Platform,0.0128595465106962,-0.002103196859226,0.5545171339563862,1,观察/稳定,2022
Cordova,Webframework,0.0791227498279546,-0.0122604947661994,0.4042114900434882,1,观察/稳定,2018
CouchDB,Database,0.0130237354668086,0.0061708887077726,0.3282247765006386,0,观察/稳定,2022
Couchbase,Database,0.0134229304236456,0.0024617022338284,0.4931846344485749,0,增长信号,2022
Crystal,Language,0.0047904191616766,0.0023952095808383,0.4588235294117647,0,增长信号,2022
Dart,Language,0.0654878478337442,0.0202183867558999,0.6215576592082617,0,增长信号,2022
Delphi,Language,0.0325607608312786,-0.0091299753434307,0.6551276503678062,2,衰退预警,2022
Delphi/Object Pascal,Language,0.0258508438226057,-0.0127530829524855,0.3491358024691358,1,观察/稳定,2018
Deno,Webframework,0.0172755117286717,0.0521440310772448,0.7232432432432433,0,观察/稳定,2022
DigitalOcean,Platform,0.1593021392516625,-0.0194295328899928,0.5761347919024268,2,衰退预警,2022
Django,Webframework,0.1494471836246825,-0.0149783355744808,0.5309922519370157,2,衰退预警,2022
Docker,Platform,0.3501105064725219,0.085563583009862,0.7359821760118826,0,增长信号,2020
Drupal,Webframework,0.022616913192888,-0.0114111758553712,0.3327828241123038,5,衰退预警,2022
DynamoDB,Database,0.0836479765805625,0.0046572744964322,0.536289520779479,0,增长信号,2022
ESP8266,Platform,0.0222124577645115,0.0060758496340853,0.6739427012278308,0,观察/稳定,2018
Elasticsearch,Database,0.1235841053874686,0.0183463348913025,0.5592193808882907,0,增长信号,2022
Elixir,Language,0.0215287072912997,0.0248115533638605,0.7545811518324608,0,增长信号,2022
Erlang,Language,0.0090313490665727,0.0082141599154631,0.5413416536661466,0,增长信号,2022
Express,Webframework,0.2345174062453309,-0.0602121619602569,0.5914629290435613,4,衰退预警,2022
F#,Language,0.0102853117294822,0.0171468827051778,0.6095890410958904,0,增长信号,2022
FastAPI,Webframework,0.0614261168384879,0.0239429254444942,0.6774095469747644,0,增长信号,2022
Fastify,Webframework,0.0188256387270282,0.0082922456297624,0.623015873015873,0,观察/稳定,2022
Firebase,Platform,0.2153473279384664,-0.0422241807547472,0.5744581899358199,2,衰退预警,2022
Firebase Realtime Database,Database,0.0883052510769947,4.989936960463071e-05,0.5098888679600678,0,观察/稳定,2022
Flask,Webframework,0.1492977737935156,-0.0477551172867174,0.4841130848136102,2,衰退预警,2022
Fortran,Language,0.0091017964071856,-0.0029165199013737,0.2647058823529412,1,观察/稳定,2022
Gaming console,Platform,0.0128789830148941,0.0471673813239594,0.6129411764705882,0,观察/稳定,2018
Gatsby,Webframework,0.035279396384282,-0.0059763932466756,0.3557437797776601,1,观察/稳定,2022
Go,Language,0.1116167664670658,0.1067699894328989,0.6457965160313053,0,增长信号,2022
Google BigQuery,Database,0.0208842613550626,0.055107891957145,0.5238439306358381,0,观察/稳定,2018
Google Cloud,Platform,0.2730951045589295,-0.0048073071068023,0.5817808420126155,1,观察/稳定,2022
Google Cloud Platform,Platform,0.3200728876954061,-0.0088040663661647,0.5964523281596452,1,观察/稳定,2021
Google Cloud Platform/App Engine,Platform,0.0803345505234927,0.0615766905559175,0.6246699358732554,0,观察/稳定,2018
Google Cloud Storage,Database,0.0548362758412554,0.0585634525426286,0.5646670335718217,0,观察/稳定,2018
Google Home,Platform,0.0135153562932771,0.0547735571751087,0.5762331838565022,0,观察/稳定,2018
Groovy,Language,0.0332088763649172,-0.0185980979218034,0.3075943996605855,3,衰退预警,2022
HTML,Language,0.6846069395154084,-0.2787933719713024,0.5570970388602968,1,观察/稳定,2018
HTML/CSS,Language,0.5514899612539627,-0.1932934131736526,0.620918706249042,4,衰退预警,2022
Hack,Language,0.0032425255955268,0.0060765440294125,0.421259842519685,0,观察/稳定,2018
Hadoop,Webframework,0.0443152595168242,0.0687456988663117,0.5390273804658766,0,观察/稳定,2018
Haskell,Language,0.022219091229306,0.0194998238816484,0.5643627140139506,0,增长信号,2022
Heroku,Platform,0.2035093341879657,-0.084308148385546,0.436515748031496,5,衰退预警,2022
IBM Cloud or Watson,Platform,0.0170859706754266,0.000701065619742,0.3669402110199297,0,增长信号,2022
IBM DB2,Database,0.0202757771826815,-0.0116431862410804,0.2600492206726825,3,衰退预警,2022
IBM Db2,Database,0.0253055681303757,-0.0116493134148181,0.2176505664877757,1,观察/稳定,2018
Java,Language,0.333131384290243,-0.1451074321944346,0.4574945017763492,5,衰退预警,2022
JavaScript,Language,0.6543571680169074,-0.2098203592814371,0.6146028465000107,5,衰退预警,2022
Julia,Language,0.0152729834448749,0.0160197252553716,0.7250922509225092,0,增长信号,2022
Kotlin,Language,0.0916801690736174,0.0395773159563226,0.6328569233133549,0,增长信号,2022
Kubernetes,Platform,0.114741006258938,0.1454413758520142,0.7113952735513112,0,增长信号,2020
LISP,Language,0.013131384290243,0.0043395561817541,0.5718884120171673,0,增长信号,2022
Laravel,Webframework,0.0963506648737486,-0.0252315852383086,0.5446792013956193,4,衰退预警,2022
Linode,Platform,0.0399407098790161,0.0053080682637609,0.5646940822467402,0,观察/稳定,2022
Linux,Platform,0.5497464851512731,-0.0394665973292721,0.7689527027027027,3,衰退预警,2020
Lua,Language,0.0403945051074321,-0.0067206762944698,0.4272758981513777,2,衰退预警,2022
MATLAB,Language,0.0410426206410708,-0.0261218738992603,0.1915550978372811,1,观察/稳定,2022
Mac OS,Platform,0.1791239261200927,0.0024394309004681,0.6389781762815091,0,观察/稳定,2018
MacOS,Platform,0.2395483164013892,-0.0205226306112215,0.6438982788029152,2,衰退预警,2020
Mainframe,Platform,0.0080758799375748,0.0010757738753617,0.3114446529080675,0,观察/稳定,2018
Managed Hosting,Platform,0.0586291162567102,-0.0208316641294768,0.5459514861633071,1,观察/稳定,2022
MariaDB,Database,0.1815006403752432,-0.062058182664959,0.5460043988269795,5,衰退预警,2022
Matlab,Language,0.0466991269715992,-0.0277329188775696,0.2160686427457098,2,衰退预警,2021
Memcached,Database,0.0545495699411498,-0.0004225139580504,0.4221300138312586,1,观察/稳定,2018
Microsoft Azure,Platform,0.2925246374489224,-0.036435381780306,0.5942207614352232,2,衰退预警,2022
"Microsoft Azure (Tables, CosmosDB, SQL, etc)",Database,0.0785121472762939,0.0471103063226195,0.5669805881222372,0,观察/稳定,2018
Microsoft SQL Server,Database,0.2720347299612448,-0.1079157033316146,0.5494955671048609,4,衰退预警,2022
MongoDB,Database,0.2865554465161923,0.0011476855009064,0.6051195727884838,0,增长信号,2022
MySQL,Database,0.4743766737080221,-0.203739126095707,0.511711079943899,5,衰退预警,2022
Neo4j,Database,0.0214733620531927,0.0176810099632408,0.4864446165762974,0,增长信号,2022
Next.js,Webframework,0.1379426266248319,0.0553189899895412,0.6922556187381532,0,观察/稳定,2022
Node.js,Webframework,0.4805953981772,-0.0893657552666965,0.6736097617844791,2,衰退预警,2022
Nuxt.js,Webframework,0.0390146421634543,0.032048408785298,0.6414552417424605,0,观察/稳定,2022
OCaml,Language,0.005945755547728,0.0044663613948573,0.4691943127962085,0,观察/稳定,2022
OVH,Platform,0.0383182437304703,-0.0136207034692732,0.4851019341348667,1,观察/稳定,2022
Objective-C,Language,0.023923916872138,-0.0115674533286368,0.2343934040047114,5,衰退预警,2022
Ocaml,Language,0.0059999489366047,0.008591416243266,0.4148936170212766,0,观察/稳定,2018
OpenStack,Platform,0.020611329220415,0.0071308388750901,0.4509232264334305,0,观察/稳定,2022
Oracle,Database,0.1163320636715956,-0.0579331681109761,0.3533028309979983,5,衰退预警,2022
Oracle Cloud Infrastructure,Platform,0.0222337953689608,0.0006810351734636,0.509009009009009,0,增长信号,2022
Other(s):,Webframework,0.0808495586109316,-0.004444649503245,0.7331177477648849,4,衰退预警,2019
PHP,Language,0.2089045438534695,-0.1056991898555829,0.4161327308288932,5,衰退预警,2022
Perl,Language,0.0231630855935188,-0.0100035223670306,0.3497566909975669,4,衰退预警,2022
Phoenix,Webframework,0.0217391304347826,0.0130360077693112,0.8350515463917526,0,观察/稳定,2022
Play Framework,Webframework,0.0084043030031376,-0.001475422082773,0.3977777777777778,1,观察/稳定,2022
PostgreSQL,Database,0.4414098235225628,-0.0220555213652467,0.7208154344713241,3,衰退预警,2022
PowerShell,Language,0.1208171891511095,-0.0545966889749911,0.437667638483965,2,衰退预警,2022
Predix,Platform,0.0016666919195745,0.0017424506431915,0.3909090909090909,0,观察/稳定,2018
Python,Language,0.4812257837266643,-0.067699894328989,0.6733713951105256,2,衰退预警,2022
R,Language,0.0466079605494892,-0.0052694610778443,0.4159613059250302,2,衰退预警,2022
Raspberry Pi,Platform,0.1487658562858681,0.0669353490704455,0.6607990012484395,0,增长信号,2020
React,Webframework,0.2596435944800608,0.1702162338367923,0.6944270070447095,0,观察/稳定,2018
React.js,Webframework,0.4347265800089646,-0.0255304049006424,0.68191777290888,1,观察/稳定,2022
Redis,Database,0.2240648026479932,0.0455747575722293,0.7104149654814045,0,增长信号,2022
Ruby,Language,0.0605706234589644,-0.0055230715040507,0.4998836938822982,2,衰退预警,2022
Ruby on Rails,Webframework,0.0594277603466308,0.0016808606006275,0.5534255185417976,0,观察/稳定,2022
Rust,Language,0.0933427263120817,0.1477703416696019,0.8673207547169811,0,增长信号,2022
SAS,Language,0.0061289186333215,-0.0008030996829869,0.3540229885057471,1,观察/稳定,2022
SQL,Language,0.4949207467418105,-0.1454455794293765,0.6424687562274034,5,衰退预警,2022
SQL Server,Database,0.4118454806096273,-0.1666817564508827,0.5162495878063973,1,观察/稳定,2018
SQLite,Database,0.3241296718284792,-0.0898521315347382,0.5750500333555704,5,衰退预警,2022
Salesforce,Platform,0.0220760920620009,-0.0022727617085107,0.303363074811256,1,观察/稳定,2018
Scala,Language,0.0258823529411764,0.0086509334272631,0.5029940119760479,0,增长信号,2022
Serverless,Platform,0.0452582614888104,0.0537432385339171,0.7522597924338802,0,观察/稳定,2018
SharePoint,Platform,0.026757981181533,-0.0105759178169366,0.2819932049830124,1,观察/稳定,2018
Slack,Platform,0.2071883440295364,-0.0393364224298139,0.6519763200382707,1,观察/稳定,2019
Slack Apps and Integrations,Platform,0.0728414092825436,-0.0024329996471221,0.5104538500764916,1,观察/稳定,2020
Solidity,Language,0.0145262416343783,0.0221909122930609,0.6207565470417071,0,观察/稳定,2022
Spark,Webframework,0.0448223405411278,0.0514143938570755,0.6602020202020202,0,观察/稳定,2018
Spring,Webframework,0.1487189459866789,-0.0315685416565381,0.5982347172278523,4,衰退预警,2021
Svelte,Webframework,0.0466905722396533,0.0792058867473479,0.7528,0,增长信号,2022
Swift,Language,0.0491581542796759,0.0222895385699189,0.6288334766408713,0,增长信号,2022
Symfony,Webframework,0.0365120274914089,-0.0097489914836396,0.5033248081841433,3,衰退预警,2022
TensorFlow,Webframework,0.0729110072802347,0.1914955268209642,0.7352210630899155,0,观察/稳定,2018
Torch/PyTorch,Webframework,0.0157195117534137,0.0581332174290992,0.6797235023041475,0,观察/稳定,2018
TypeScript,Language,0.3487425149700598,0.0182881296231067,0.7346073044602457,0,增长信号,2022
VB.NET,Language,0.0670717696019608,-0.0473357673551714,0.1905215074229158,1,观察/稳定,2018
VBA,Language,0.0448749559704121,-0.0318703768932722,0.2144427001569858,5,衰退预警,2022
VMware,Platform,0.0887148465667815,-0.0387388831023155,0.4167983743508692,1,观察/稳定,2022
Visual Basic 6,Language,0.0394081752495723,-0.0305997395766844,0.1010689990281827,1,观察/稳定,2018
Vue,Webframework,0.1919542805916629,0.0445988346033169,0.63164039696439,0,增长信号,2022
WebAssembly,Language,0.0115908597791455,0.0847902796651783,0.6945812807881774,0,观察/稳定,2019
Windows,Platform,0.5310811061790762,-0.2001931541704585,0.5749956286063997,2,衰退预警,2020
Windows Desktop or Server,Platform,0.3544447643146108,-0.1148047697692389,0.6119779421194375,1,观察/稳定,2018
Windows Phone,Platform,0.0272731405021288,-0.0048637100562129,0.3122222222222222,1,观察/稳定,2018
WordPress,Platform,0.1421540404509407,-0.0707055698976654,0.3300235171152338,3,衰退预警,2020
Xamarin,Webframework,0.0687456988663117,0.0473396356260639,0.4897260273972603,0,观察/稳定,2018
iOS,Platform,0.1218728525527923,0.0519101833107367,0.6107893934775983,0,增长信号,2020
jQuery,Webframework,0.2913865232332287,-0.1805057522784999,0.3400205101910011,4,衰退预警,2022
