year,category,tech,usage,desire,admiration,desire_gap,prev_gap,prev_year,warning,growth_signal,next_usage,next_desire,next_admiration,next_year,has_next,delta_usage,delta_desire,delta_admiration,repo,issue_pr_comments,previous_comments,previous_year,future_comments,future_year,comment_log_change,so_history_ok,gh_history_ok,eligible,so_alert,gh_alert,double_alert,either_alert,alert_score,review_priority,future_so_ok,future_gh_ok,usage_down,comments_down,状态
2019,Language,Kotlin,0.0641779625209834,0.1514348685036942,0.7256227758007118,0.0872569059827107,0.1083054612301171,2018.0,False,True,0.0778695667328941,0.166875806058071,0.6291405550581916,2020.0,True,0.013691604211910693,0.01544093755437681,-0.09648222074252022,JetBrains/kotlin,1624,966.0,2018.0,2262.0,2020.0,0.5190645993105436,True,True,True,False,False,False,False,0,0.0,True,True,False,False,暂无收缩信号
2020,Language,Kotlin,0.0778695667328941,0.166875806058071,0.6291405550581916,0.0890062393251769,0.0872569059827107,2019.0,False,True,0.0833687482545503,0.1298128877933873,0.6154966501602097,2021.0,True,0.00549918152165621,-0.03706291826468372,-0.01364390489798184,JetBrains/kotlin,2262,1624.0,2019.0,1642.0,2021.0,0.3311835508696994,True,True,True,False,False,False,False,0,0.0,True,True,False,True,暂无收缩信号
2021,Language,Kotlin,0.0833687482545503,0.1298128877933873,0.6154966501602097,0.046444139538837,0.0890062393251769,2020.0,False,True,0.0916801690736174,0.1312574850299401,0.6328569233133549,2022.0,True,0.008311420819067092,0.0014445972365528248,0.017360273153145145,JetBrains/kotlin,1642,2262.0,2020.0,831.0,2022.0,-0.32016752759626943,True,True,True,False,True,False,True,1,0.0833687482545503,True,True,False,True,评论单源警报
2022,Language,Kotlin,0.0916801690736174,0.1312574850299401,0.6328569233133549,0.0395773159563226,0.046444139538837,2021.0,False,True,,,,,False,,,,JetBrains/kotlin,831,1642.0,2021.0,363.0,2023.0,-0.6804466772160591,True,True,True,False,True,False,True,1,0.0916801690736174,False,True,False,True,评论单源警报
2019,Language,Ruby,0.0837168404344003,0.0828032751316105,0.5030691583685718,-0.0009135653027898,-0.0011106288457119,2018.0,True,False,0.0705148314685071,0.0729199344696573,0.4285714285714285,2020.0,True,-0.0132020089658932,-0.009883340661953191,-0.07449772979714331,ruby/ruby,1379,603.0,2018.0,1838.0,2020.0,0.826264580216435,True,True,True,True,False,False,True,1,0.0837168404344003,True,True,True,False,问卷单源警报
2020,Language,Ruby,0.0705148314685071,0.0729199344696573,0.4285714285714285,0.0024051030011502,-0.0009135653027898,2019.0,False,False,0.0676202387168061,0.0600070425100477,0.5324115640150835,2021.0,True,-0.0028945927517009945,-0.012912891959609603,0.103840135443655,ruby/ruby,1838,1379.0,2019.0,1850.0,2021.0,0.28713844645307063,True,True,True,False,False,False,False,0,0.0,True,True,True,False,暂无收缩信号
2021,Language,Ruby,0.0676202387168061,0.0600070425100477,0.5324115640150835,-0.0076131962067583,0.0024051030011502,2020.0,False,False,0.0605706234589644,0.0550475519549137,0.4998836938822982,2022.0,True,-0.0070496152578417015,-0.004959490555134005,-0.0325278701327853,ruby/ruby,1850,1838.0,2020.0,1972.0,2022.0,0.006504087969176453,True,True,True,False,False,False,False,0,0.0,True,True,True,False,暂无收缩信号
2022,Language,Ruby,0.0605706234589644,0.0550475519549137,0.4998836938822982,-0.0055230715040507,-0.0076131962067583,2021.0,True,False,,,,,False,,,,ruby/ruby,1972,1850.0,2021.0,1988.0,2023.0,0.0638291934491182,True,True,True,True,False,False,True,1,0.0605706234589644,False,True,False,False,问卷单源警报
2020,Webframework,Express,0.2119491946356347,0.1922467418813122,0.6193505189152997,-0.0197024527543224,-0.0066131463197071,2019.0,True,False,0.2432463091707586,0.1926037564619897,0.6207195203197868,2021.0,True,0.031297114535123904,0.0003570145806775227,0.0013690014044871468,expressjs/express,1338,1160.0,2019.0,853.0,2021.0,0.1426413639932811,True,True,True,True,False,False,True,1,0.2119491946356347,True,True,False,True,问卷单源警报
2021,Webframework,Express,0.2432463091707586,0.1926037564619897,0.6207195203197868,-0.0506425527087688,-0.0197024527543224,2020.0,True,False,0.2345174062453309,0.1743052442850739,0.5914629290435613,2022.0,True,-0.00872890292542769,-0.018298512176915804,-0.029256591276225485,expressjs/express,853,1338.0,2020.0,603.0,2022.0,-0.44974715190260195,True,True,True,True,True,True,True,2,0.4864926183415172,True,True,True,True,双源收缩
2022,Webframework,Express,0.2345174062453309,0.1743052442850739,0.5914629290435613,-0.0602121619602569,-0.0506425527087688,2021.0,True,False,,,,,False,,,,expressjs/express,603,853.0,2021.0,424.0,2023.0,-0.3463569958537551,True,True,True,True,True,True,True,2,0.4690348124906618,False,True,False,True,双源收缩
2020,Webframework,Flask,0.1420326876226968,0.144208708815251,0.5437135720233139,0.0021760211925542,0.0072129433114945,2019.0,False,True,0.1648759460028846,0.123065454486525,0.5104187143699627,2021.0,True,0.022843258380187803,-0.02114325432872599,-0.03329485765335127,pallets/flask,802,863.0,2019.0,868.0,2021.0,-0.0732180548572936,True,True,True,False,True,False,True,1,0.1420326876226968,True,True,False,False,评论单源警报
2021,Webframework,Flask,0.1648759460028846,0.123065454486525,0.5104187143699627,-0.0418104915163595,0.0021760211925542,2020.0,False,False,0.1492977737935156,0.1015426565067981,0.4841130848136102,2022.0,True,-0.015578172209368996,-0.021522797979726907,-0.02630562955635246,pallets/flask,868,802.0,2020.0,646.0,2022.0,0.07898841131863055,True,True,True,False,False,False,False,0,0.0,True,True,True,True,暂无收缩信号
2022,Webframework,Flask,0.1492977737935156,0.1015426565067981,0.4841130848136102,-0.0477551172867174,-0.0418104915163595,2021.0,True,False,,,,,False,,,,pallets/flask,646,868.0,2021.0,420.0,2023.0,-0.29499683076449124,True,True,True,True,True,True,True,2,0.2985955475870312,False,True,False,True,双源收缩
2020,Webframework,jQuery,0.4332174365524255,0.1982544525651032,0.3645992574797991,-0.2349629839873223,-0.2162806434745163,2019.0,True,False,0.3515484466916233,0.1375370703485828,0.3529249066519153,2021.0,True,-0.08166898986080223,-0.0607173822165204,-0.011674350827883817,jquery/jquery,692,996.0,2019.0,358.0,2021.0,-0.363720770771935,True,True,True,True,True,True,True,2,0.866434873104851,True,True,True,True,双源收缩
2021,Webframework,jQuery,0.3515484466916233,0.1375370703485828,0.3529249066519153,-0.2140113763430405,-0.2349629839873223,2020.0,True,False,0.2913865232332287,0.1108807709547288,0.3400205101910011,2022.0,True,-0.06016192345839455,-0.026656299393854013,-0.01290439646091418,jquery/jquery,358,692.0,2020.0,464.0,2022.0,-0.6577076107016246,True,True,True,True,True,True,True,2,0.7030968933832465,True,True,True,False,双源收缩
2022,Webframework,jQuery,0.2913865232332287,0.1108807709547288,0.3400205101910011,-0.1805057522784999,-0.2140113763430405,2021.0,True,False,,,,,False,,,,jquery/jquery,464,358.0,2021.0,403.0,2023.0,0.2587150170990773,True,True,True,True,False,False,True,1,0.2913865232332287,False,True,False,True,问卷单源警报
