tech,仓库,可评估预警年,问卷结果条数,评论结果条数
C#,dotnet/csharplang,"2022,2023,2024",3,3
Crystal,crystal-lang/crystal,"2022,2023,2024",2,3
Deno,denoland/deno,2024,1,1
DuckDB,duckdb/duckdb,2024,1,1
Elixir,elixir-lang/elixir,"2022,2023,2024",3,3
Erlang,erlang/otp,"2022,2023,2024",3,3
Express,expressjs/express,"2022,2023,2024",3,3
F#,dotnet/fsharp,"2022,2023,2024",3,3
FastAPI,fastapi/fastapi,"2022,2023,2024",3,3
Fastify,fastify/fastify,"2023,2024",2,2
Flask,pallets/flask,"2022,2023,2024",3,3
Gatsby,gatsbyjs/gatsby,"2022,2023,2024",2,3
H2,h2database/h2database,2024,1,1
InfluxDB,influxdata/influxdb,2024,1,1
Kotlin,JetBrains/kotlin,"2022,2023,2024",3,3
Laravel,laravel/framework,2024,1,1
Neo4j,neo4j/neo4j,"2023,2024",2,2
NestJS,nestjs/nest,2024,1,1
OCaml,ocaml/ocaml,"2023,2024",2,2
Phoenix,phoenixframework/phoenix,"2023,2024",2,2
Redis,redis/redis,"2022,2023,2024",3,3
Ruby,ruby/ruby,"2022,2023,2024",3,3
Scala,scala/scala,"2022,2023,2024",3,3
Spring Boot,spring-projects/spring-boot,2024,1,1
Svelte,sveltejs/svelte,2024,1,1
Vue,vuejs/core,"2022,2023,2024",3,3
jQuery,jquery/jquery,"2022,2023,2024",3,3
