因变量,规则,预警年,样本,技术数,警报数,命中,误报,漏报,精确率,召回率,平衡准确率,F1
下一年问卷使用率下降,原规则：问卷渴望缺口连续为负,2022,15,15,5,4,1,6,0.8,0.4,0.6000000000000001,0.5333333333333333
下一年问卷使用率下降,原规则：问卷渴望缺口连续为负,2023,19,19,6,5,1,8,0.8333333333333334,0.38461538461538464,0.608974358974359,0.5263157894736842
下一年问卷使用率下降,原规则：问卷渴望缺口连续为负,2024,25,25,9,0,9,0,0.0,0.0,,0.0
下一年问卷使用率下降,评论规则：当年评论量较上年下降,2022,15,15,9,7,2,3,0.7777777777777778,0.7,0.6499999999999999,0.7368421052631579
下一年问卷使用率下降,评论规则：当年评论量较上年下降,2023,19,19,13,8,5,5,0.6153846153846154,0.6153846153846154,0.391025641025641,0.6153846153846154
下一年问卷使用率下降,评论规则：当年评论量较上年下降,2024,25,25,14,0,14,0,0.0,0.0,,0.0
下一年问卷使用率下降,双源同时收缩：高优先级,2022,15,15,3,3,0,7,1.0,0.3,0.65,0.46153846153846156
下一年问卷使用率下降,双源同时收缩：高优先级,2023,19,19,5,4,1,9,0.8,0.3076923076923077,0.5705128205128205,0.4444444444444444
下一年问卷使用率下降,双源同时收缩：高优先级,2024,25,25,3,0,3,0,0.0,0.0,,0.0
下一年问卷使用率下降,任一信号收缩：广覆盖,2022,15,15,11,8,3,2,0.7272727272727273,0.8,0.6000000000000001,0.7619047619047619
下一年问卷使用率下降,任一信号收缩：广覆盖,2023,19,19,14,9,5,4,0.6428571428571429,0.6923076923076923,0.42948717948717946,0.6666666666666666
下一年问卷使用率下降,任一信号收缩：广覆盖,2024,25,25,20,0,20,0,0.0,0.0,,0.0
下一年主仓评论量下降,原规则：问卷渴望缺口连续为负,2022,15,15,5,4,1,7,0.8,0.36363636363636365,0.5568181818181819,0.5
下一年主仓评论量下降,原规则：问卷渴望缺口连续为负,2023,19,19,6,3,3,11,0.5,0.21428571428571427,0.30714285714285716,0.3
下一年主仓评论量下降,原规则：问卷渴望缺口连续为负,2024,27,27,10,8,2,14,0.8,0.36363636363636365,0.4818181818181818,0.5
下一年主仓评论量下降,评论规则：当年评论量较上年下降,2022,15,15,9,7,2,4,0.7777777777777778,0.6363636363636364,0.5681818181818181,0.7
下一年主仓评论量下降,评论规则：当年评论量较上年下降,2023,19,19,13,9,4,5,0.6923076923076923,0.6428571428571429,0.4214285714285715,0.6666666666666666
下一年主仓评论量下降,评论规则：当年评论量较上年下降,2024,27,27,16,13,3,9,0.8125,0.5909090909090909,0.4954545454545455,0.6842105263157895
下一年主仓评论量下降,双源同时收缩：高优先级,2022,15,15,3,3,0,8,1.0,0.2727272727272727,0.6363636363636364,0.42857142857142855
下一年主仓评论量下降,双源同时收缩：高优先级,2023,19,19,5,3,2,11,0.6,0.21428571428571427,0.40714285714285714,0.3157894736842105
下一年主仓评论量下降,双源同时收缩：高优先级,2024,27,27,4,4,0,18,1.0,0.18181818181818182,0.5909090909090909,0.3076923076923077
下一年主仓评论量下降,任一信号收缩：广覆盖,2022,15,15,11,8,3,3,0.7272727272727273,0.7272727272727273,0.48863636363636365,0.7272727272727273
下一年主仓评论量下降,任一信号收缩：广覆盖,2023,19,19,14,9,5,5,0.6428571428571429,0.6428571428571429,0.32142857142857145,0.6428571428571429
下一年主仓评论量下降,任一信号收缩：广覆盖,2024,27,27,22,17,5,5,0.7727272727272727,0.7727272727272727,0.38636363636363635,0.7727272727272727
